5  5.30811, -0.185161  5.30838, -0.157988  5.29301, -0.157887  5.25019, -0.185534  5.28082, -0.185735
6  5.25019, -0.185534  5.29301, -0.157887  5.25088, -0.0752674  5.19344, -0.0912184  5.18981, -0.174538  5.21956, -0.185334
5  5.18981, -0.174538  5.19344, -0.0912184  5.16368, -0.0804263  5.1325, -0.145991  5.16006, -0.163743
6  5.1325, -0.145991  5.16368, -0.0804263  5.13138, -0.0604224  5.0823, -0.0880728  5.07922, -0.108496  5.10494, -0.12824
5  5.07922, -0.108496  5.0823, -0.0880728  5.03415, -0.0649396  5.02929, -0.0719343  5.0535, -0.0887523
6  5.02929, -0.0719343  5.03415, -0.0649396  5.01115, -0.0167204  4.98631, -0.0200006  4.98211, -0.0437566  5.00508, -0.0551164
5  4.98211, -0.0437566  4.98631, -0.0200006  4.94316, -0.00641569  4.93726, -0.025717  4.95914, -0.0323968
6  4.93726, -0.025717  4.94316, -0.00641569  4.91557, 0.0341134  4.89629, 0.0284708  4.89446, -0.0160155  4.91538, -0.0190373
6  4.89446, -0.0160155  4.89629, 0.0284708  4.85994, 0.0328676  4.84112, 0.00578961  4.85341, -0.0126079  4.87353, -0.0129937
5  4.85341, -0.0126079  4.84112, 0.00578961  4.80838, 0.00120519  4.81384, -0.0134502  4.83329, -0.0122221
5  4.81384, -0.0134502  4.80838, 0.00120519  4.7856, 0.0028329  4.7732, -0.0165027  4.79438, -0.0146783
6  4.7732, -0.0165027  4.7856, 0.0028329  4.75721, 0.0341539  4.72455, 0.0290099  4.7267, -0.0195654  4.75202, -0.0183271
6  4.7267, -0.0195654  4.72455, 0.0290099  4.70197, 0.0364898  4.67065, 0.0109953  4.67178, -0.0198555  4.70139, -0.0208038
5  4.67178, -0.0198555  4.67065, 0.0109953  4.61518, 0.0135749  4.609, -0.0140455  4.64218, -0.0189071
5  4.609, -0.0140455  4.61518, 0.0135749  4.58635, 0.0371778  4.54057, 0.000840844  4.57583, -0.0091839
4  4.54057, 0.000840844  4.48069, 0.0365259  4.46953, 0.0264864  4.50531, 0.0108656
6  4.46953, 0.0264864  4.48069, 0.0365259  4.48605, 0.0815661  4.41618, 0.0930758  4.39837, 0.0632361  4.43376, 0.0421073
6  4.39837, 0.0632361  4.41618, 0.0930758  4.38233, 0.149909  4.34099, 0.133821  4.32877, 0.110175  4.36298, 0.0843648
5  4.32877, 0.110175  4.34099, 0.133821  4.27567, 0.177983  4.26189, 0.164778  4.29457, 0.135986
6  4.26189, 0.164778  4.27567, 0.177983  4.28287, 0.244103  4.24032, 0.259987  4.19696, 0.224942  4.2292, 0.193571
6  4.19696, 0.224942  4.21892, 0.281255  4.18644, 0.331717  4.14884, 0.324609  4.1324, 0.289777  4.16471, 0.256314
5  4.1324, 0.289777  4.14884, 0.324609  4.0842, 0.373458  4.0675, 0.358184  4.10008, 0.323239
7  4.0675, 0.358184  4.0842, 0.373458  4.08445, 0.458546  4.05088, 0.471686  3.99977, 0.433291  4.002, 0.428854  4.03491, 0.393128
5  4.002, 0.428854  3.99977, 0.433291  3.95468, 0.502853  3.93594, 0.500314  3.9691, 0.464579
6  3.93594, 0.500314  3.95468, 0.502853  3.9707, 0.55149  3.89241, 0.592766  3.86952, 0.570966  3.90278, 0.536049
6  3.86952, 0.570966  3.89241, 0.592766  3.87406, 0.66484  3.80296, 0.669937  3.80312, 0.6391  3.83626, 0.605883
5  3.80312, 0.6391  3.80296, 0.669937  3.7713, 0.703263  3.73715, 0.703095  3.76999, 0.672318
6  3.73715, 0.703095  3.7713, 0.703263  3.77011, 0.768339  3.71963, 0.790802  3.67159, 0.762206  3.70432, 0.733873
6  3.67159, 0.762206  3.69761, 0.809869  3.67555, 0.851713  3.61607, 0.850611  3.60645, 0.816229  3.63887, 0.79054
5  3.60645, 0.816229  3.61607, 0.850611  3.57524, 0.882453  3.54218, 0.864736  3.57403, 0.841918
5  3.54218, 0.864736  3.57524, 0.882453  3.55786, 0.914493  3.47937, 0.907291  3.51033, 0.887554
5  3.47937, 0.907291  3.46461, 0.984042  3.43207, 0.985237  3.41866, 0.943506  3.4484, 0.927029
5  3.41866, 0.943506  3.43207, 0.985237  3.39182, 1.00703  3.36081, 0.973069  3.38892, 0.959982
6  3.36081, 0.973069  3.39182, 1.00703  3.38098, 1.01809  3.31358, 1.01448  3.30667, 0.995802  3.3327, 0.986155
6  3.30667, 0.995802  3.31358, 1.01448  3.28445, 1.03962  3.25597, 1.01936  3.25715, 1.01173  3.28064, 1.00545
5  3.25715, 1.01173  3.25597, 1.01936  3.21901, 1.02866  3.21316, 1.02114  3.23367, 1.018
6  3.21316, 1.02114  3.21901, 1.02866  3.20888, 1.06166  3.1763, 1.06059  3.17543, 1.0247  3.19265, 1.02428
6  3.17543, 1.0247  3.1763, 1.06059  3.17169, 1.06262  3.1413, 1.03979  3.14402, 1.02344  3.1582, 1.02512
5  3.14402, 1.02344  3.1413, 1.03979  3.11849, 1.0374  3.11666, 1.01856  3.12984, 1.02175
7  3.11666, 1.01856  3.11849, 1.0374  3.09155, 1.0595  3.08449, 1.05763  3.07061, 1.03164  3.09748, 1.01351  3.10347, 1.01537
5  3.08469, 1.00896  3.06569, 1.03012  3.04908, 1.02223  3.06531, 1.00039  3.07788, 1.00627
6  3.06531, 1.00039  3.04908, 1.02223  3.03348, 1.01819  3.03166, 0.991553  3.04036, 0.987267  3.05273, 0.994502
5  3.04036, 0.987267  3.03166, 0.991553  3.01417, 0.973922  3.01592, 0.971456  3.02799, 0.980032
6  3.01592, 0.971456  3.01417, 0.973922  2.97432, 0.984354  2.9668, 0.976731  2.99227, 0.953023  3.00385, 0.96288
6  2.99227, 0.953023  2.9668, 0.976731  2.95572, 0.970285  2.95535, 0.940249  2.96983, 0.932155  2.98069, 0.943166
5  2.96983, 0.932155  2.95535, 0.940249  2.93828, 0.918152  2.94911, 0.909177  2.95898, 0.921145
6  2.94911, 0.909177  2.93828, 0.918152  2.8996, 0.915653  2.89469, 0.9067  2.93061, 0.884548  2.93924, 0.897209
6  2.93061, 0.884548  2.89469, 0.9067  2.89031, 0.902338  2.89272, 0.86791  2.91482, 0.858858  2.92198, 0.871887
5  2.91482, 0.858858  2.89272, 0.86791  2.8804, 0.842646  2.90215, 0.832806  2.90766, 0.845829
5  2.90215, 0.832806  2.8804, 0.842646  2.87268, 0.834432  2.89286, 0.807171  2.89663, 0.819782
4  2.89286, 0.807171  2.8832, 0.787367  2.88705, 0.782649  2.8891, 0.794559
7  2.88705, 0.782649  2.8832, 0.787367  2.85516, 0.782501  2.8513, 0.765342  2.87066, 0.749875  2.88398, 0.757984  2.885, 0.770739
5  2.88398, 0.757984  2.87066, 0.749875  2.87276, 0.725453  2.88272, 0.730652  2.88295, 0.74523
5  2.88272, 0.730652  2.87276, 0.725453  2.87081, 0.71112  2.88318, 0.699309  2.8825, 0.716073
7  2.88318, 0.699309  2.87081, 0.71112  2.8434, 0.68683  2.84372, 0.663577  2.8654, 0.648677  2.88558, 0.663423  2.88385, 0.682546
5  2.88558, 0.663423  2.8654, 0.648677  2.87339, 0.614621  2.89019, 0.622794  2.8873, 0.6443
6  2.89019, 0.622794  2.87339, 0.614621  2.87195, 0.585843  2.89471, 0.573126  2.89721, 0.577474  2.89308, 0.601288
4  2.89721, 0.577474  2.89471, 0.573126  2.90672, 0.52767  2.90134, 0.553661
5  2.90672, 0.52767  2.87766, 0.501714  2.89523, 0.468146  2.91867, 0.473665  2.91209, 0.501679
6  2.91867, 0.473665  2.89523, 0.468146  2.88879, 0.416852  2.92212, 0.409901  2.93294, 0.415767  2.92525, 0.44565
5  2.93294, 0.415767  2.92212, 0.409901  2.94295, 0.353127  2.94928, 0.354273  2.94062, 0.385884
6  2.94928, 0.354273  2.94295, 0.353127  2.90489, 0.322253  2.93675, 0.280728  2.96738, 0.289447  2.95793, 0.322663
6  2.96738, 0.289447  2.93675, 0.280728  2.92819, 0.224635  2.97003, 0.206544  2.9869, 0.221508  2.97684, 0.256231
5  2.9869, 0.221508  2.97003, 0.206544  2.98568, 0.154078  3.00743, 0.150623  2.99696, 0.186784
6  3.00743, 0.150623  2.98568, 0.154078  2.95664, 0.113563  2.9786, 0.0790595  3.02851, 0.0769544  3.01789, 0.114463
6  3.02851, 0.0769544  2.98572, 0.0537484  2.98157, 0.0112043  3.02946, -0.0244337  3.04968, 0.000633119  3.03914, 0.0394459
5  3.04968, 0.000633119  3.02946, -0.0244337  3.0385, -0.0650794  3.07043, -0.0783055  3.06022, -0.0381796
6  3.07043, -0.0783055  3.0385, -0.0650794  3.01303, -0.115774  3.03278, -0.15475  3.09022, -0.15991  3.08063, -0.118431
6  3.09022, -0.15991  3.03879, -0.180719  3.03316, -0.222496  3.0819, -0.270044  3.10846, -0.244289  3.09981, -0.201388
5  3.10846, -0.244289  3.0819, -0.270044  3.08689, -0.313644  3.1245, -0.331609  3.11712, -0.28719
5  3.1245, -0.331609  3.08689, -0.313644  3.07683, -0.353364  3.13755, -0.422085  3.13187, -0.376029
5  3.13755, -0.422085  3.08773, -0.484488  3.11361, -0.533732  3.14673, -0.515952  3.14323, -0.46814
5  3.14673, -0.515952  3.11361, -0.533732  3.11075, -0.592823  3.15099, -0.613425  3.15024, -0.563763
5  3.15099, -0.613425  3.11075, -0.592823  3.0898, -0.62465  3.14906, -0.714621  3.15174, -0.663087
5  3.14906, -0.714621  3.07956, -0.76688  3.10433, -0.823087  3.1395, -0.819446  3.14638, -0.766156
5  3.1395, -0.819446  3.10433, -0.823087  3.08064, -0.90211  3.12069, -0.927441  3.13261, -0.872735
5  3.12069, -0.927441  3.08064, -0.90211  3.05681, -0.919062  3.09102, -1.03763  3.10877, -0.982146
5  3.09102, -1.03763  3.00508, -1.06822  3.00836, -1.12934  3.05549, -1.13422  3.07326, -1.09311
6  3.03209, -1.18804  2.99604, -1.15556  2.94487, -1.21867  2.9713, -1.24922  2.99841, -1.25108  3.02646, -1.20074
4  2.99841, -1.25108  2.9713, -1.24922  2.93822, -1.34816  2.97037, -1.30141
5  2.93822, -1.34816  2.85063, -1.34657  2.83665, -1.40653  2.8808, -1.42526  2.90607, -1.3949
6  2.84497, -1.46838  2.81867, -1.42774  2.75407, -1.47031  2.7722, -1.51034  2.79524, -1.52056  2.83441, -1.48112
5  2.79524, -1.52056  2.7722, -1.51034  2.71273, -1.59374  2.7138, -1.59572  2.75606, -1.56
6  2.7138, -1.59572  2.71273, -1.59374  2.63598, -1.56905  2.60946, -1.63941  2.62638, -1.66335  2.67154, -1.63144
6  2.62638, -1.66335  2.60946, -1.63941  2.50845, -1.66026  2.51567, -1.70899  2.53328, -1.72322  2.58121, -1.69527
5  2.53328, -1.72322  2.51567, -1.70899  2.43521, -1.77045  2.43475, -1.77495  2.48535, -1.75118
6  2.43475, -1.77495  2.43521, -1.77045  2.37306, -1.73092  2.32277, -1.79536  2.33099, -1.81802  2.38415, -1.79873
6  2.33099, -1.81802  2.32277, -1.79536  2.22212, -1.78684  2.206, -1.8375  2.22223, -1.8517  2.27783, -1.83731
5  2.22223, -1.8517  2.206, -1.8375  2.11703, -1.86755  2.1088, -1.87508  2.16663, -1.86609
7  2.1088, -1.87508  2.11703, -1.86755  2.10093, -1.80939  2.06863, -1.79961  1.99043, -1.87067  1.99126, -1.88706  2.05097, -1.88407
7  1.99126, -1.88706  1.99043, -1.87067  1.89528, -1.81031  1.84876, -1.82219  1.84323, -1.87072  1.87161, -1.88658  1.93154, -1.89006
5  1.87161, -1.88658  1.84323, -1.87072  1.78485, -1.86544  1.75393, -1.87355  1.81168, -1.8831
7  1.75393, -1.87355  1.78485, -1.86544  1.78821, -1.81549  1.74494, -1.79427  1.64445, -1.83616  1.64096, -1.84904  1.69618, -1.86399
6  1.64096, -1.84904  1.64445, -1.83616  1.58357, -1.75161  1.53346, -1.75098  1.53324, -1.81432  1.58575, -1.83408
4  1.53324, -1.81432  1.43842, -1.76058  1.43104, -1.77046  1.48074, -1.79455
7  1.43104, -1.77046  1.43842, -1.76058  1.4801, -1.72808  1.44893, -1.70016  1.33999, -1.70908  1.33447, -1.71831  1.38133, -1.74636
6  1.33447, -1.71831  1.33999, -1.70908  1.31341, -1.61529  1.26132, -1.60231  1.24362, -1.65853  1.2876, -1.69026
4  1.24362, -1.65853  1.16875, -1.58834  1.1586, -1.59158  1.19963, -1.6268
7  1.1586, -1.59158  1.16875, -1.58834  1.21633, -1.56688  1.19526, -1.53514  1.08446, -1.51298  1.0796, -1.51776  1.11757, -1.55635
6  1.0796, -1.51776  1.08446, -1.51298  1.09129, -1.41839  1.04426, -1.40152  1.00691, -1.4373  1.04164, -1.47917
5  1.00691, -1.4373  1.0181, -1.36835  0.995666, -1.3371  0.94094, -1.3503  0.97218, -1.39542
6  0.94094, -1.3503  0.995666, -1.3371  0.990575, -1.31076  0.88368, -1.25608  0.882282, -1.25687  0.9097, -1.30518
6  0.882282, -1.25687  0.88368, -1.25608  0.923136, -1.16947  0.875443, -1.13674  0.838855, -1.16829  0.854865, -1.20856
6  0.815687, -1.11685  0.86366, -1.11019  0.848257, -1.03408  0.809899, -1.03267  0.790344, -1.05205  0.808529, -1.10569
4  0.790344, -1.05205  0.809899, -1.03267  0.759514, -0.945242  0.772158, -0.998422
5  0.759514, -0.945242  0.818083, -0.881814  0.771429, -0.835211  0.73908, -0.84006  0.746869, -0.892062
6  0.73908, -0.84006  0.771429, -0.835211  0.787872, -0.73852  0.747835, -0.726911  0.727578, -0.73757  0.731291, -0.788058
5  0.727578, -0.73757  0.747835, -0.726911  0.725317, -0.638827  0.723495, -0.638234  0.723865, -0.687082
6  0.723495, -0.638234  0.725317, -0.638827  0.787334, -0.598535  0.755567, -0.543651  0.725449, -0.542168  0.723124, -0.589386
6  0.725449, -0.542168  0.755567, -0.543651  0.789911, -0.463325  0.749975, -0.442533  0.732242, -0.449284  0.727774, -0.494951
5  0.732242, -0.449284  0.749975, -0.442533  0.746025, -0.362674  0.74286, -0.359399  0.736711, -0.403618
6  0.74286, -0.359399  0.746025, -0.362674  0.803196, -0.3354  0.782861, -0.276892  0.756444, -0.27231  0.749008, -0.315181
6  0.756444, -0.27231  0.782861, -0.276892  0.8211, -0.210285  0.786973, -0.177775  0.772263, -0.187837  0.763879, -0.22944
5  0.772263, -0.187837  0.786973, -0.177775  0.792644, -0.116452  0.789682, -0.105847  0.780647, -0.146235
6  0.789682, -0.105847  0.792644, -0.116452  0.842332, -0.0911681  0.830349, -0.031602  0.808137, -0.026264  0.798718, -0.0654597
6  0.808137, -0.026264  0.830349, -0.031602  0.865499, 0.0245158  0.840084, 0.068045  0.827116, 0.0509289  0.817557, 0.0129317
5  0.827116, 0.0509289  0.840084, 0.068045  0.848101, 0.105463  0.846147, 0.125689  0.836675, 0.0889261
6  0.846147, 0.125689  0.848101, 0.105463  0.888735, 0.135165  0.882746, 0.193279  0.864783, 0.197921  0.855619, 0.162453
5  0.864783, 0.197921  0.882746, 0.193279  0.91064, 0.240615  0.882588, 0.267476  0.873947, 0.233389
4  0.882588, 0.267476  0.902741, 0.331713  0.89915, 0.334154  0.891229, 0.301562
6  0.89915, 0.334154  0.902741, 0.331713  0.930026, 0.34107  0.928112, 0.39435  0.914094, 0.397705  0.907071, 0.366746
6  0.914094, 0.397705  0.928112, 0.39435  0.975402, 0.438548  0.972746, 0.457255  0.92709, 0.457826  0.921117, 0.428663
6  0.92709, 0.457826  0.972746, 0.457255  0.98071, 0.496706  0.958187, 0.525061  0.93787, 0.514174  0.933064, 0.486989
5  0.93787, 0.514174  0.958187, 0.525061  0.957106, 0.561921  0.946244, 0.566372  0.942677, 0.541359
6  0.946244, 0.566372  0.957106, 0.561921  0.994947, 0.602304  0.991592, 0.614215  0.952124, 0.614037  0.949811, 0.591385
6  0.952124, 0.614037  0.991592, 0.614215  0.994684, 0.645733  0.968422, 0.668628  0.955545, 0.656818  0.954436, 0.636688
5  0.955545, 0.656818  0.968422, 0.668628  0.965534, 0.689477  0.956679, 0.694463  0.956654, 0.676947
6  0.956679, 0.694463  0.965534, 0.689477  0.991066, 0.727697  0.989349, 0.731685  0.955822, 0.726911  0.956704, 0.711979
6  0.955822, 0.726911  0.989349, 0.731685  0.98801, 0.750063  0.959186, 0.764564  0.953336, 0.754395  0.954939, 0.741842
5  0.953336, 0.754395  0.959186, 0.764564  0.955987, 0.774147  0.949454, 0.777734  0.951733, 0.766948
5  0.949454, 0.777734  0.955987, 0.774147  0.953191, 0.794277  0.943503, 0.799573  0.947175, 0.788521
7  0.943503, 0.799573  0.953191, 0.794277  0.970906, 0.810272  0.963202, 0.830855  0.936519, 0.826517  0.934557, 0.822126  0.93983, 0.810625
4  0.934557, 0.822126  0.936519, 0.826517  0.922449, 0.845256  0.929283, 0.833628
5  0.922449, 0.845256  0.937561, 0.874004  0.9257, 0.883737  0.907345, 0.868304  0.915615, 0.856884
5  0.907345, 0.868304  0.9257, 0.883737  0.912062, 0.902119  0.889566, 0.890619  0.899076, 0.879725
7  0.889566, 0.890619  0.912062, 0.902119  0.908294, 0.938347  0.906766, 0.939556  0.871141, 0.937473  0.869561, 0.911595  0.880057, 0.901514
5  0.869561, 0.911595  0.871141, 0.937473  0.862408, 0.94415  0.847881, 0.930705  0.859065, 0.921677
5  0.847881, 0.930705  0.862408, 0.94415  0.842552, 0.960784  0.825153, 0.947525  0.836697, 0.939734
7  0.825153, 0.947525  0.842552, 0.960784  0.833283, 0.993309  0.831162, 0.994297  0.797726, 0.983097  0.802045, 0.961754  0.813608, 0.955317
5  0.802045, 0.961754  0.797726, 0.983097  0.788875, 0.986713  0.779228, 0.973232  0.790481, 0.968192
5  0.779228, 0.973232  0.788875, 0.986713  0.768856, 0.996348  0.757326, 0.981953  0.767976, 0.978273
6  0.757326, 0.981953  0.768856, 0.996348  0.754228, 1.01451  0.730433, 1.00373  0.736841, 0.988062  0.746676, 0.985633
5  0.736841, 0.988062  0.730433, 1.00373  0.721854, 1.00484  0.718007, 0.991826  0.727006, 0.99049
5  0.718007, 0.991826  0.721854, 1.00484  0.704734, 1.00741  0.699277, 0.993447  0.709007, 0.993162
7  0.699277, 0.993447  0.704734, 1.00741  0.684746, 1.02954  0.683496, 1.02939  0.667779, 1.00206  0.678512, 0.992764  0.689548, 0.993732
5  0.678512, 0.992764  0.667779, 1.00206  0.65612, 0.998258  0.655334, 0.989389  0.667476, 0.991796
5  0.655334, 0.989389  0.65612, 0.998258  0.634348, 0.995582  0.630238, 0.983024  0.643192, 0.986982
7  0.630238, 0.983024  0.634348, 0.995582  0.611747, 1.01221  0.597997, 1.00688  0.594459, 0.978001  0.603866, 0.97353  0.617284, 0.979066
5  0.603866, 0.97353  0.594459, 0.978001  0.576294, 0.962563  0.576927, 0.960929  0.590447, 0.967994
6  0.576927, 0.960929  0.576294, 0.962563  0.537339, 0.976623  0.531169, 0.968527  0.55014, 0.945387  0.563407, 0.953863
6  0.55014, 0.945387  0.531169, 0.968527  0.508026, 0.953515  0.516818, 0.927485  0.52419, 0.927199  0.536873, 0.936911
4  0.52419, 0.927199  0.516818, 0.927485  0.499697, 0.906753  0.511506, 0.917486
5  0.499697, 0.906753  0.462748, 0.914277  0.455288, 0.899118  0.477198, 0.884514  0.487889, 0.89602
5  0.477198, 0.884514  0.455288, 0.899118  0.441017, 0.882896  0.45712, 0.860987  0.466507, 0.873007
5  0.45712, 0.860987  0.441017, 0.882896  0.434471, 0.877542  0.439772, 0.836688  0.447733, 0.848968
5  0.439772, 0.836688  0.408973, 0.832982  0.404142, 0.820667  0.425327, 0.812082  0.431811, 0.824409
5  0.425327, 0.812082  0.404142, 0.820667  0.394917, 0.801649  0.41338, 0.786182  0.418843, 0.799755
6  0.41338, 0.786182  0.394917, 0.801649  0.363067, 0.779265  0.361574, 0.770975  0.403242, 0.756601  0.407917, 0.772608
6  0.403242, 0.756601  0.361574, 0.770975  0.358642, 0.764621  0.378061, 0.724044  0.394862, 0.721945  0.398568, 0.740593
5  0.394862, 0.721945  0.378061, 0.724044  0.369953, 0.692226  0.388598, 0.681989  0.391156, 0.703297
6  0.388598, 0.681989  0.369953, 0.692226  0.343421, 0.671625  0.344693, 0.644092  0.384763, 0.636822  0.386041, 0.660681
6  0.384763, 0.636822  0.344693, 0.644092  0.337892, 0.625871  0.3757, 0.586679  0.383548, 0.586743  0.383485, 0.612964
5  0.383548, 0.586743  0.3757, 0.586679  0.367817, 0.541876  0.385006, 0.532163  0.383611, 0.560522
6  0.385006, 0.532163  0.367817, 0.541876  0.344319, 0.519755  0.351151, 0.480117  0.389063, 0.473535  0.386402, 0.503803
5  0.389063, 0.473535  0.351151, 0.480117  0.339768, 0.447808  0.395537, 0.411313  0.391724, 0.443267
5  0.395537, 0.411313  0.353953, 0.351037  0.372378, 0.322213  0.404164, 0.34592  0.39935, 0.379358
5  0.404164, 0.34592  0.372378, 0.322213  0.378291, 0.288743  0.414619, 0.277743  0.408979, 0.312482
5  0.414619, 0.277743  0.378291, 0.288743  0.372524, 0.250732  0.426531, 0.207121  0.42026, 0.243003
5  0.426531, 0.207121  0.394059, 0.145119  0.41112, 0.112241  0.439495, 0.134352  0.432802, 0.17124
5  0.439495, 0.134352  0.41112, 0.112241  0.418429, 0.0707392  0.453081, 0.0596853  0.446188, 0.0974643
6  0.453081, 0.0596853  0.418429, 0.0707392  0.394631, 0.0224528  0.411901, -0.0146413  0.466837, -0.0166707  0.459975, 0.0219063
6  0.466837, -0.0166707  0.415593, -0.0353975  0.411352, -0.0744118  0.456665, -0.108884  0.480289, -0.0945498  0.473699, -0.0552477
5  0.480289, -0.0945498  0.456665, -0.108884  0.462727, -0.165363  0.49294, -0.173826  0.486878, -0.133852
6  0.49294, -0.173826  0.462727, -0.165363  0.434396, -0.202624  0.45235, -0.24644  0.504265, -0.254414  0.499001, -0.213801
6  0.504265, -0.254414  0.455184, -0.2683  0.446178, -0.30898  0.496113, -0.34126  0.513701, -0.33626  0.509528, -0.295026
5  0.513701, -0.33626  0.496113, -0.34126  0.49449, -0.412832  0.520637, -0.419344  0.517874, -0.377494
6  0.520637, -0.419344  0.49449, -0.412832  0.462426, -0.436621  0.476849, -0.487237  0.52284, -0.474773  0.5234, -0.461194
6  0.523837, -0.517239  0.47744, -0.509918  0.460589, -0.550916  0.515198, -0.589283  0.524225, -0.589199  0.525395, -0.546127
5  0.524225, -0.589199  0.515198, -0.589283  0.497136, -0.666114  0.519267, -0.675906  0.523055, -0.632271
6  0.519267, -0.675906  0.497136, -0.666114  0.463203, -0.67826  0.474668, -0.758249  0.508569, -0.763631  0.515478, -0.719542
5  0.508569, -0.763631  0.474668, -0.758249  0.436834, -0.798199  0.4911, -0.852049  0.501661, -0.807721
4  0.4911, -0.852049  0.450053, -0.924309  0.465803, -0.940581  0.480538, -0.896377
6  0.465803, -0.940581  0.450053, -0.924309  0.416535, -0.925164  0.404255, -1.01523  0.431986, -1.02783  0.451067, -0.984785
5  0.431986, -1.02783  0.404255, -1.01523  0.360874, -1.04182  0.390137, -1.11131  0.412905, -1.07087
5  0.390137, -1.11131  0.300426, -1.15141  0.301729, -1.18072  0.341332, -1.18943  0.367368, -1.15174
5  0.341332, -1.18943  0.301729, -1.18072  0.269145, -1.23488  0.286334, -1.26201  0.315295, -1.22712
5  0.286334, -1.26201  0.269145, -1.23488  0.223244, -1.25575  0.225772, -1.3289  0.257372, -1.29689
5  0.225772, -1.3289  0.13818, -1.34449  0.124422, -1.3755  0.16017, -1.38997  0.194171, -1.36091
5  0.16017, -1.38997  0.124422, -1.3755  0.0845732, -1.41247  0.0899665, -1.44504  0.126169, -1.41903
6  0.0899665, -1.44504  0.0845732, -1.41247  0.0204621, -1.41062  -0.0062212, -1.44194  0.0155327, -1.49388  0.0537643, -1.47105
6  0.0155327, -1.49388  -0.02629, -1.45391  -0.0706017, -1.4671  -0.0948451, -1.51689  -0.0628055, -1.53616  -0.0226989, -1.5167
5  -0.0628055, -1.53616  -0.0948451, -1.51689  -0.136544, -1.53762  -0.144743, -1.5715  -0.102912, -1.55563
6  -0.144743, -1.5715  -0.136544, -1.53762  -0.196093, -1.52025  -0.233727, -1.54596  -0.229963, -1.59937  -0.186573, -1.58737
6  -0.229963, -1.59937  -0.256664, -1.5523  -0.303889, -1.55087  -0.340757, -1.59623  -0.318097, -1.61916  -0.273352, -1.61137
5  -0.318097, -1.61916  -0.340757, -1.59623  -0.392208, -1.60159  -0.408671, -1.63017  -0.362841, -1.62696
6  -0.408671, -1.63017  -0.392208, -1.60159  -0.436465, -1.568  -0.485442, -1.58299  -0.500733, -1.63165  -0.454501, -1.63338
6  -0.500733, -1.63165  -0.510093, -1.58206  -0.554584, -1.56344  -0.595615, -1.60407  -0.592028, -1.62334  -0.546964, -1.62991
5  -0.592028, -1.62334  -0.595615, -1.60407  -0.66654, -1.5836  -0.680585, -1.60584  -0.637093, -1.61678
6  -0.680585, -1.60584  -0.66654, -1.5836  -0.682485, -1.54327  -0.736256, -1.54184  -0.740259, -1.58929  -0.724078, -1.5949
6  -0.781976, -1.57439  -0.756472, -1.53517  -0.79281, -1.502  -0.843944, -1.53631  -0.847306, -1.5466  -0.807512, -1.5651
5  -0.847306, -1.5466  -0.843944, -1.53631  -0.908795, -1.49015  -0.924846, -1.50631  -0.887099, -1.52811
6  -0.924846, -1.50631  -0.908795, -1.49015  -0.906388, -1.45175  -0.979351, -1.43272  -0.998172, -1.45965  -0.962592, -1.48451
6  -0.998172, -1.45965  -0.979351, -1.43272  -1.00147, -1.37935  -1.06578, -1.40547  -1.06703, -1.40709  -1.03375, -1.4348
5  -1.06703, -1.40709  -1.06578, -1.40547  -1.1126, -1.34046  -1.13115, -1.34897  -1.10032, -1.37937
6  -1.13115, -1.34897  -1.1126, -1.34046  -1.09816, -1.30761  -1.16752, -1.26626  -1.19018, -1.28561  -1.16198, -1.31857
5  -1.19018, -1.28561  -1.16752, -1.26626  -1.17508, -1.2144  -1.24371, -1.21726  -1.21837, -1.25265
5  -1.24371, -1.21726  -1.24906, -1.11972  -1.26596, -1.11407  -1.29128, -1.14416  -1.26906, -1.18186
5  -1.29128, -1.14416  -1.26596, -1.11407  -1.30511, -1.0595  -1.33232, -1.06656  -1.31351, -1.10645
5  -1.33232, -1.06656  -1.30511, -1.0595  -1.30299, -1.00817  -1.3661, -0.984915  -1.35112, -1.02666
5  -1.3661, -0.984915  -1.34415, -0.896349  -1.36267, -0.879269  -1.39185, -0.900965  -1.38109, -0.943164
5  -1.39185, -0.900965  -1.36267, -0.879269  -1.38217, -0.820552  -1.40954, -0.81668  -1.40261, -0.858765
6  -1.40954, -0.81668  -1.38217, -0.820552  -1.35025, -0.765359  -1.36476, -0.732819  -1.42007, -0.732849  -1.41646, -0.774594
6  -1.42007, -0.732849  -1.36662, -0.710778  -1.36148, -0.667106  -1.3947, -0.632026  -1.42447, -0.649808  -1.42368, -0.691103
5  -1.42447, -0.649808  -1.3947, -0.632026  -1.39836, -0.582228  -1.42368, -0.567705  -1.42526, -0.608514
6  -1.42368, -0.567705  -1.39836, -0.582228  -1.35791, -0.535599  -1.3673, -0.497889  -1.41855, -0.486569  -1.4221, -0.526896
6  -1.41855, -0.486569  -1.36541, -0.476476  -1.35133, -0.434887  -1.38047, -0.389717  -1.40985, -0.406374  -1.41501, -0.446241
5  -1.40985, -0.406374  -1.38047, -0.389717  -1.37648, -0.349441  -1.39824, -0.327083  -1.40469, -0.366507
6  -1.39824, -0.327083  -1.37648, -0.349441  -1.332, -0.309143  -1.33792, -0.266645  -1.38433, -0.248665  -1.39179, -0.287658
6  -1.38433, -0.248665  -1.33393, -0.245783  -1.31386, -0.206432  -1.34153, -0.159015  -1.36867, -0.171119  -1.37687, -0.209673
5  -1.36867, -0.171119  -1.34153, -0.159015  -1.33197, -0.116923  -1.35178, -0.0944682  -1.36047, -0.132564
6  -1.35178, -0.0944682  -1.33197, -0.116923  -1.28831, -0.086119  -1.29745, -0.0275004  -1.33414, -0.0187708  -1.34309, -0.0563721
6  -1.33414, -0.0187708  -1.29745, -0.0275004  -1.26397, 0.0171977  -1.29692, 0.060739  -1.31623, 0.055886  -1.3252, 0.0188304
5  -1.31623, 0.055886  -1.29692, 0.060739  -1.28115, 0.113227  -1.29847, 0.129397  -1.30725, 0.0929416
6  -1.29847, 0.129397  -1.28115, 0.113227  -1.23965, 0.132053  -1.24723, 0.193641  -1.2813, 0.201628  -1.28969, 0.165853
6  -1.2813, 0.201628  -1.24723, 0.193641  -1.21444, 0.233582  -1.25404, 0.272399  -1.26514, 0.272401  -1.27292, 0.237404
5  -1.26514, 0.272401  -1.25404, 0.272399  -1.23449, 0.331207  -1.25036, 0.341508  -1.25735, 0.307399
6  -1.25036, 0.341508  -1.23449, 0.331207  -1.19726, 0.341869  -1.20495, 0.402826  -1.23737, 0.408716  -1.24338, 0.375617
6  -1.23737, 0.408716  -1.20495, 0.402826  -1.17746, 0.438169  -1.22161, 0.473293  -1.2265, 0.473771  -1.23136, 0.441815
5  -1.2265, 0.473771  -1.22161, 0.473293  -1.20431, 0.528444  -1.21808, 0.536402  -1.22164, 0.505727
6  -1.21808, 0.536402  -1.20431, 0.528444  -1.17113, 0.53764  -1.18106, 0.593977  -1.21238, 0.596329  -1.21452, 0.567076
6  -1.21238, 0.596329  -1.18106, 0.593977  -1.16313, 0.624076  -1.20929, 0.653282  -1.20964, 0.653279  -1.21025, 0.625581
5  -1.20964, 0.653279  -1.20929, 0.653282  -1.19842, 0.700524  -1.21001, 0.707015  -1.20903, 0.680977
6  -1.21001, 0.707015  -1.19842, 0.700524  -1.16938, 0.712337  -1.18368, 0.760045  -1.2136, 0.757372  -1.21099, 0.733053
5  -1.2136, 0.757372  -1.18368, 0.760045  -1.17567, 0.784959  -1.22045, 0.804305  -1.2162, 0.78169
4  -1.22045, 0.804305  -1.22093, 0.8432  -1.23062, 0.847965  -1.22469, 0.82692
6  -1.23062, 0.847965  -1.22093, 0.8432  -1.19693, 0.860099  -1.21762, 0.897784  -1.24452, 0.889459  -1.23655, 0.869011
5  -1.24452, 0.889459  -1.21762, 0.897784  -1.21938, 0.919565  -1.26263, 0.930104  -1.2525, 0.909906
5  -1.26263, 0.930104  -1.25622, 0.983537  -1.27139, 0.997117  -1.28494, 0.970051  -1.27276, 0.950301
5  -1.28494, 0.970051  -1.27139, 0.997117  -1.28474, 1.01515  -1.31116, 1.00888  -1.29711, 0.989802
5  -1.31116, 1.00888  -1.28474, 1.01515  -1.29805, 1.03887  -1.34092, 1.04615  -1.32521, 1.02797
6  -1.34092, 1.04615  -1.31084, 1.0868  -1.32217, 1.10257  -1.36764, 1.10789  -1.37375, 1.08141  -1.35663, 1.06434
5  -1.37375, 1.08141  -1.36764, 1.10789  -1.38578, 1.12388  -1.40912, 1.11423  -1.39087, 1.09848
6  -1.40912, 1.11423  -1.38578, 1.12388  -1.39812, 1.17047  -1.42083, 1.17847  -1.44642, 1.14421  -1.42736, 1.12997
6  -1.44642, 1.14421  -1.42083, 1.17847  -1.43978, 1.19989  -1.48302, 1.19415  -1.485, 1.17099  -1.46547, 1.15844
5  -1.485, 1.17099  -1.48302, 1.19415  -1.5058, 1.20767  -1.52419, 1.19425  -1.50454, 1.18354
6  -1.52419, 1.19425  -1.5058, 1.20767  -1.52265, 1.24655  -1.54661, 1.2504  -1.56322, 1.21374  -1.54384, 1.20497
6  -1.56322, 1.21374  -1.54661, 1.2504  -1.5636, 1.26319  -1.60273, 1.24874  -1.60129, 1.22926  -1.5826, 1.22251
5  -1.60129, 1.22926  -1.60273, 1.24874  -1.6241, 1.25549  -1.63758, 1.24072  -1.61999, 1.23601
6  -1.63758, 1.24072  -1.6241, 1.25549  -1.64696, 1.28685  -1.66503, 1.28611  -1.67163, 1.24823  -1.65516, 1.24543
6  -1.67163, 1.24823  -1.66503, 1.28611  -1.67564, 1.29015  -1.70763, 1.26732  -1.70386, 1.25215  -1.68809, 1.25104
5  -1.70386, 1.25215  -1.70763, 1.26732  -1.72839, 1.26814  -1.7349, 1.25284  -1.71962, 1.25327
6  -1.7349, 1.25284  -1.72839, 1.26814  -1.75499, 1.29091  -1.76936, 1.28642  -1.76518, 1.25047  -1.75018, 1.2524
6  -1.76518, 1.25047  -1.76936, 1.28642  -1.77871, 1.28712  -1.79977, 1.25569  -1.79506, 1.24514  -1.78018, 1.24855
5  -1.79506, 1.24514  -1.79977, 1.25569  -1.8238, 1.25051  -1.82479, 1.23684  -1.80993, 1.24174
6  -1.82479, 1.23684  -1.8238, 1.25051  -1.85022, 1.2674  -1.8671, 1.25661  -1.85452, 1.22551  -1.83964, 1.23193
6  -1.85452, 1.22551  -1.8671, 1.25661  -1.8803, 1.2547  -1.88755, 1.2166  -1.88428, 1.21113  -1.86939, 1.21909
5  -1.88428, 1.21113  -1.88755, 1.2166  -1.91572, 1.20485  -1.91401, 1.19369  -1.89917, 1.20317
6  -1.91401, 1.19369  -1.91572, 1.20485  -1.94094, 1.2189  -1.96091, 1.19859  -1.9436, 1.17324  -1.92886, 1.1842
5  -1.9436, 1.17324  -1.96091, 1.19859  -1.97989, 1.19304  -1.97288, 1.14988  -1.95834, 1.16227
4  -1.97288, 1.14988  -2.00281, 1.13342  -2.00168, 1.12378  -1.98742, 1.1375
6  -2.00168, 1.12378  -2.00281, 1.13342  -2.02825, 1.1451  -2.04864, 1.11571  -2.02985, 1.09513  -2.01595, 1.11006
5  -2.02985, 1.09513  -2.04864, 1.11571  -2.06728, 1.10518  -2.05721, 1.06415  -2.04375, 1.08019
5  -2.05721, 1.06415  -2.10671, 1.0525  -2.11291, 1.03509  -2.08366, 1.03104  -2.07067, 1.04811
5  -2.08366, 1.03104  -2.11291, 1.03509  -2.12404, 1.0179  -2.10937, 0.995748  -2.09665, 1.01398
5  -2.10937, 0.995748  -2.12404, 1.0179  -2.14183, 0.99824  -2.13463, 0.958144  -2.12208, 0.977514
6  -2.13463, 0.958144  -2.18159, 0.975305  -2.19109, 0.962647  -2.18626, 0.917889  -2.15968, 0.918356  -2.14718, 0.938773
5  -2.15968, 0.918356  -2.18626, 0.917889  -2.19727, 0.89737  -2.18475, 0.876584  -2.17218, 0.89794
6  -2.18475, 0.876584  -2.19727, 0.89737  -2.24116, 0.876616  -2.24545, 0.853413  -2.21009, 0.833053  -2.19732, 0.855228
6  -2.21009, 0.833053  -2.24545, 0.853413  -2.26799, 0.828864  -2.25866, 0.786296  -2.23597, 0.788009  -2.22286, 0.810877
5  -2.23597, 0.788009  -2.25866, 0.786296  -2.27237, 0.761118  -2.2627, 0.741712  -2.24909, 0.76514
6  -2.2627, 0.741712  -2.27237, 0.761118  -2.31459, 0.746818  -2.32073, 0.712479  -2.29059, 0.694435  -2.27632, 0.718284
6  -2.29059, 0.694435  -2.32073, 0.712479  -2.34988, 0.686694  -2.33345, 0.648621  -2.31997, 0.646458  -2.30487, 0.670585
5  -2.31997, 0.646458  -2.33345, 0.648621  -2.35977, 0.611093  -2.35117, 0.598075  -2.33507, 0.622331
6  -2.35117, 0.598075  -2.35977, 0.611093  -2.39719, 0.611373  -2.40783, 0.56619  -2.38454, 0.549593  -2.36727, 0.57382
5  -2.38454, 0.549593  -2.40783, 0.56619  -2.44507, 0.54243  -2.42041, 0.50133  -2.40181, 0.525367
4  -2.42041, 0.50133  -2.4643, 0.461846  -2.45909, 0.453617  -2.439, 0.477294
6  -2.45909, 0.453617  -2.4643, 0.461846  -2.49461, 0.472255  -2.51611, 0.421079  -2.5009, 0.406792  -2.47918, 0.42994
5  -2.5009, 0.406792  -2.51611, 0.421079  -2.55266, 0.400976  -2.5461, 0.361199  -2.52262, 0.383645
6  -2.5461, 0.361199  -2.60112, 0.378314  -2.62, 0.36151  -2.61917, 0.32697  -2.59496, 0.317173  -2.56959, 0.338753
5  -2.59496, 0.317173  -2.61917, 0.32697  -2.65331, 0.285395  -2.64771, 0.275035  -2.62034, 0.295593
6  -2.64771, 0.275035  -2.65331, 0.285395  -2.71521, 0.292241  -2.72604, 0.26677  -2.70454, 0.23508  -2.67508, 0.254477
6  -2.70454, 0.23508  -2.72604, 0.26677  -2.7867, 0.238473  -2.78157, 0.2071  -2.76567, 0.197569  -2.73401, 0.215683
4  -2.76567, 0.197569  -2.78157, 0.2071  -2.83128, 0.162726  -2.79733, 0.179455
5  -2.83128, 0.162726  -2.88792, 0.192834  -2.9122, 0.154949  -2.9016, 0.130741  -2.86524, 0.145998
5  -2.9016, 0.130741  -2.9122, 0.154949  -2.98083, 0.137702  -2.97685, 0.101768  -2.93796, 0.115483
5  -2.97685, 0.101768  -2.98083, 0.137702  -2.99108, 0.142525  -3.05729, 0.0759427  -3.01573, 0.0880533
7  -3.05729, 0.0759427  -3.07059, 0.130444  -3.09628, 0.124397  -3.11078, 0.1197  -3.14518, 0.0617506  -3.14321, 0.0533828  -3.09884, 0.0638321
7  -3.14321, 0.0533828  -3.14518, 0.0617506  -3.2116, 0.0887081  -3.23288, 0.0827294  -3.26703, 0.0726316  -3.23492, 0.0342013  -3.18758, 0.0429335
6  -3.23492, 0.0342013  -3.26703, 0.0726316  -3.31591, 0.0625357  -3.35457, 0.0531123  -3.33277, 0.0185112  -3.28227, 0.025469
5  -3.33277, 0.0185112  -3.35457, 0.0531123  -3.39412, 0.0471767  -3.4371, 0.0064306  -3.38327, 0.0115534
6  -3.4371, 0.0064306  -3.49983, 0.0309127  -3.53323, 0.0262592  -3.57844, 0.0191574  -3.54827, -0.00191492  -3.49093, 0.00130784
5  -3.54827, -0.00191492  -3.57844, 0.0191574  -3.64453, 0.0144288  -3.66667, -0.00639101  -3.60562, -0.00513767
6  -3.66667, -0.00639101  -3.64453, 0.0144288  -3.68188, 0.0147087  -3.74234, 0.00833574  -3.79267, -0.00685462  -3.72773, -0.00764435
5  -3.79267, -0.00685462  -3.85223, 0.00233394  -3.90182, 0.000788604  -3.92665, -0.0031546  -3.85762, -0.00606489
4  -3.92665, -0.0031546  -3.90182, 0.000788604  -3.92691, 0.00506841  -3.99568, -0.000244305
5  -3.92691, 0.00506841  -3.90182, 0.000788604  -3.85223, 0.00233394  -3.79395, 0.0172699  -3.85813, 0.0103811
5  -3.79395, 0.0172699  -3.74234, 0.00833574  -3.68188, 0.0147087  -3.67002, 0.0327678  -3.72977, 0.0241587
7  -3.67002, 0.0327678  -3.68188, 0.0147087  -3.64453, 0.0144288  -3.57844, 0.0191574  -3.53323, 0.0262592  -3.55482, 0.0516007  -3.61028, 0.0413769
5  -3.55482, 0.0516007  -3.53323, 0.0262592  -3.49983, 0.0309127  -3.44803, 0.0735527  -3.49936, 0.0618244
6  -3.44803, 0.0735527  -3.39412, 0.0471767  -3.35457, 0.0531123  -3.31591, 0.0625357  -3.34936, 0.0983995  -3.39671, 0.085281
6  -3.34936, 0.0983995  -3.31591, 0.0625357  -3.26703, 0.0726316  -3.23288, 0.0827294  -3.25847, 0.125908  -3.302, 0.111518
6  -3.25847, 0.125908  -3.23288, 0.0827294  -3.2116, 0.0887081  -3.17077, 0.144894  -3.17503, 0.155837  -3.21493, 0.140298
6  -3.17503, 0.155837  -3.17077, 0.144894  -3.11078, 0.1197  -3.09628, 0.124397  -3.09871, 0.187941  -3.13514, 0.171376
5  -3.09871, 0.187941  -3.00785, 0.185702  -3.00339, 0.196584  -3.02912, 0.221974  -3.06228, 0.204506
5  -3.02912, 0.221974  -3.00339, 0.196584  -2.95182, 0.23196  -2.96587, 0.257696  -2.99596, 0.239442
6  -2.96587, 0.257696  -2.95182, 0.23196  -2.9119, 0.232462  -2.90526, 0.293283  -2.90854, 0.294881  -2.93578, 0.275949
5  -2.90854, 0.294881  -2.90526, 0.293283  -2.85622, 0.314587  -2.85666, 0.333328  -2.88129, 0.313813
6  -2.85666, 0.333328  -2.85622, 0.314587  -2.82507, 0.298304  -2.78294, 0.342126  -2.80978, 0.372866  -2.83203, 0.352843
6  -2.80978, 0.372866  -2.78294, 0.342126  -2.76186, 0.346145  -2.75162, 0.406489  -2.76739, 0.41336  -2.78752, 0.392888
5  -2.76739, 0.41336  -2.75162, 0.406489  -2.72427, 0.427637  -2.72903, 0.454712  -2.74727, 0.433831
5  -2.72903, 0.454712  -2.72427, 0.427637  -2.71391, 0.433015  -2.6942, 0.49686  -2.71079, 0.475593
5  -2.6942, 0.49686  -2.65583, 0.493922  -2.64294, 0.526135  -2.66246, 0.539764  -2.67762, 0.518126
6  -2.66246, 0.539764  -2.64294, 0.526135  -2.60644, 0.55463  -2.62405, 0.581117  -2.63338, 0.583403  -2.64731, 0.561402
5  -2.63338, 0.583403  -2.62405, 0.581117  -2.60381, 0.625795  -2.60653, 0.627759  -2.61944, 0.605403
6  -2.60653, 0.627759  -2.60381, 0.625795  -2.56025, 0.620075  -2.55468, 0.658525  -2.58156, 0.672813  -2.59363, 0.650114
6  -2.58156, 0.672813  -2.55468, 0.658525  -2.52517, 0.685104  -2.54207, 0.718703  -2.55808, 0.718537  -2.56949, 0.695512
5  -2.55808, 0.718537  -2.54207, 0.718703  -2.5262, 0.753399  -2.53576, 0.76489  -2.54668, 0.741562
6  -2.53576, 0.76489  -2.5262, 0.753399  -2.48654, 0.762311  -2.4815, 0.797114  -2.51424, 0.811821  -2.52484, 0.788219
6  -2.51424, 0.811821  -2.4815, 0.797114  -2.45907, 0.820316  -2.47187, 0.862538  -2.49318, 0.859263  -2.50364, 0.835423
5  -2.49318, 0.859263  -2.47187, 0.862538  -2.45995, 0.888184  -2.47221, 0.907139  -2.48272, 0.883103
6  -2.47221, 0.907139  -2.45995, 0.888184  -2.42027, 0.905776  -2.41395, 0.938933  -2.45098, 0.955363  -2.46171, 0.931176
6  -2.45098, 0.955363  -2.41395, 0.938933  -2.39583, 0.95774  -2.40459, 1.00652  -2.42909, 1.00384  -2.44025, 0.97955
5  -2.42909, 1.00384  -2.40459, 1.00652  -2.39231, 1.02921  -2.40614, 1.05244  -2.41793, 1.02812
6  -2.40614, 1.05244  -2.39231, 1.02921  -2.35181, 1.04804  -2.34477, 1.06809  -2.38169, 1.10106  -2.39434, 1.07677
6  -2.38169, 1.10106  -2.33742, 1.08221  -2.32672, 1.09455  -2.32938, 1.1472  -2.35528, 1.14951  -2.36903, 1.12535
5  -2.35528, 1.14951  -2.32938, 1.1472  -2.31195, 1.17164  -2.32648, 1.19757  -2.34153, 1.17368
5  -2.32648, 1.19757  -2.31195, 1.17164  -2.29585, 1.18593  -2.29507, 1.24473  -2.31142, 1.22147
5  -2.29507, 1.24473  -2.2483, 1.24937  -2.23563, 1.28102  -2.26109, 1.29044  -2.27873, 1.26799
5  -2.26109, 1.29044  -2.23563, 1.28102  -2.21112, 1.30522  -2.22446, 1.33439  -2.24344, 1.31289
5  -2.22446, 1.33439  -2.21112, 1.30522  -2.1936, 1.31169  -2.18509, 1.37628  -2.20547, 1.35588
5  -2.18509, 1.37628  -2.13661, 1.36634  -2.12467, 1.39574  -2.14287, 1.41579  -2.1647, 1.39667
6  -2.14287, 1.41579  -2.12467, 1.39574  -2.07658, 1.42023  -2.0861, 1.44769  -2.0977, 1.45256  -2.12104, 1.43491
4  -2.0977, 1.45256  -2.0861, 1.44769  -2.04948, 1.48619  -2.07436, 1.47022
5  -2.04948, 1.48619  -2.00415, 1.45994  -1.98448, 1.49068  -1.99815, 1.51618  -2.0246, 1.50215
6  -1.99815, 1.51618  -1.98448, 1.49068  -1.93337, 1.5012  -1.93426, 1.53157  -1.94371, 1.54204  -1.9717, 1.53022
5  -1.94371, 1.54204  -1.93426, 1.53157  -1.88584, 1.5617  -1.88625, 1.5632  -1.91572, 1.55387
6  -1.88625, 1.5632  -1.88584, 1.5617  -1.84928, 1.52479  -1.81956, 1.54908  -1.82598, 1.5791  -1.85679, 1.57254
6  -1.82598, 1.5791  -1.81956, 1.54908  -1.76858, 1.5433  -1.75767, 1.57409  -1.76323, 1.58922  -1.79518, 1.58567
5  -1.76323, 1.58922  -1.75767, 1.57409  -1.69934, 1.58565  -1.6984, 1.5931  -1.73127, 1.59276
6  -1.6984, 1.5931  -1.69934, 1.58565  -1.67486, 1.5434  -1.63488, 1.55807  -1.63199, 1.59044  -1.66553, 1.59344
6  -1.63199, 1.59044  -1.63488, 1.55807  -1.58846, 1.53556  -1.56116, 1.56209  -1.56476, 1.58113  -1.59845, 1.58743
5  -1.56476, 1.58113  -1.56116, 1.56209  -1.50723, 1.55354  -1.4977, 1.5655  -1.53108, 1.57483
6  -1.4977, 1.5655  -1.50723, 1.55354  -1.49062, 1.50911  -1.44347, 1.51113  -1.43135, 1.54401  -1.46432, 1.55617
6  -1.43135, 1.54401  -1.44347, 1.51113  -1.40649, 1.47709  -1.35917, 1.49175  -1.36595, 1.51703  -1.39838, 1.53186
5  -1.36595, 1.51703  -1.35917, 1.49175  -1.32617, 1.47497  -1.30176, 1.48479  -1.33351, 1.50219
6  -1.30176, 1.48479  -1.32617, 1.47497  -1.31006, 1.42705  -1.25962, 1.41569  -1.23913, 1.44749  -1.27001, 1.46739
6  -1.23913, 1.44749  -1.25962, 1.41569  -1.23332, 1.37543  -1.17835, 1.37908  -1.17842, 1.40526  -1.20824, 1.4276
5  -1.17842, 1.40526  -1.17835, 1.37908  -1.14846, 1.35167  -1.12006, 1.35817  -1.14859, 1.38292
6  -1.12006, 1.35817  -1.14846, 1.35167  -1.14308, 1.30335  -1.1086, 1.28224  -1.06453, 1.30627  -1.09153, 1.33342
6  -1.06453, 1.30627  -1.09433, 1.26789  -1.07881, 1.23529  -1.0217, 1.22767  -1.01238, 1.24958  -1.03754, 1.27912
5  -1.01238, 1.24958  -1.0217, 1.22767  -0.993933, 1.18405  -0.964197, 1.18809  -0.987212, 1.22003
6  -0.964197, 1.18809  -0.993933, 1.18405  -1.00182, 1.1409  -0.973148, 1.10975  -0.920688, 1.12181  -0.941183, 1.15615
6  -0.920688, 1.12181  -0.962453, 1.09183  -0.955859, 1.05853  -0.899611, 1.03581  -0.882637, 1.05075  -0.900193, 1.08746
5  -0.882637, 1.05075  -0.899611, 1.03581  -0.883106, 0.976215  -0.851025, 0.975504  -0.865081, 1.01403
5  -0.851025, 0.975504  -0.883106, 0.976215  -0.886033, 0.955996  -0.826591, 0.897808  -0.836968, 0.936979
6  -0.826591, 0.897808  -0.878454, 0.878505  -0.880604, 0.852262  -0.832257, 0.809998  -0.809121, 0.819133  -0.816213, 0.858636
5  -0.809121, 0.819133  -0.832257, 0.809998  -0.832025, 0.749332  -0.797804, 0.739989  -0.802028, 0.779629
5  -0.797804, 0.739989  -0.832025, 0.749332  -0.842949, 0.733973  -0.791824, 0.660694  -0.79358, 0.700349
5  -0.791824, 0.660694  -0.839137, 0.623352  -0.817245, 0.581663  -0.790409, 0.581441  -0.790068, 0.621038
6  -0.790409, 0.581441  -0.817245, 0.581663  -0.842589, 0.509412  -0.808134, 0.496261  -0.792852, 0.502351  -0.790751, 0.541843
4  -0.792852, 0.502351  -0.808134, 0.496261  -0.798505, 0.423512  -0.794953, 0.462859
5  -0.798505, 0.423512  -0.855891, 0.397315  -0.836789, 0.348621  -0.806777, 0.345005  -0.802058, 0.384166
6  -0.806777, 0.345005  -0.836789, 0.348621  -0.869343, 0.284749  -0.835642, 0.263313  -0.817118, 0.266917  -0.811497, 0.305844
5  -0.817118, 0.266917  -0.835642, 0.263313  -0.83732, 0.192282  -0.829011, 0.189353  -0.822739, 0.227989
6  -0.829011, 0.189353  -0.83732, 0.192282  -0.892799, 0.172208  -0.875473, 0.118289  -0.841963, 0.112441  -0.835282, 0.150717
6  -0.841963, 0.112441  -0.875473, 0.118289  -0.90891, 0.0626043  -0.877883, 0.0286346  -0.855502, 0.0363319  -0.848644, 0.074165
5  -0.855502, 0.0363319  -0.877883, 0.0286346  -0.884851, -0.0265835  -0.869166, -0.0387925  -0.862359, -0.00150125
6  -0.869166, -0.0387925  -0.884851, -0.0265835  -0.932159, -0.0529061  -0.920294, -0.105976  -0.882503, -0.112713  -0.875973, -0.0760838
6  -0.882503, -0.112713  -0.920294, -0.105976  -0.949157, -0.153071  -0.921667, -0.1974  -0.895067, -0.185189  -0.889033, -0.149342
5  -0.895067, -0.185189  -0.921667, -0.1974  -0.92787, -0.236029  -0.906432, -0.255964  -0.901102, -0.221035
6  -0.906432, -0.255964  -0.92787, -0.236029  -0.967703, -0.27005  -0.96351, -0.307398  -0.916189, -0.324753  -0.911762, -0.290893
6  -0.916189, -0.324753  -0.96594, -0.325984  -0.979174, -0.3563  -0.951233, -0.404078  -0.923961, -0.391238  -0.920617, -0.358613
5  -0.923961, -0.391238  -0.951233, -0.404078  -0.954835, -0.435112  -0.929406, -0.455072  -0.927305, -0.423863
6  -0.929406, -0.455072  -0.954835, -0.435112  -0.988412, -0.472926  -0.984554, -0.497971  -0.932235, -0.515885  -0.931507, -0.486281
5  -0.932235, -0.515885  -0.968787, -0.554086  -0.960411, -0.586671  -0.932228, -0.573293  -0.932964, -0.545488
5  -0.932228, -0.573293  -0.960411, -0.586671  -0.9602, -0.612029  -0.929247, -0.626929  -0.931492, -0.601098
5  -0.929247, -0.626929  -0.9602, -0.612029  -0.967963, -0.634764  -0.923255, -0.67648  -0.927003, -0.65276
5  -0.923255, -0.67648  -0.959921, -0.712266  -0.944914, -0.73256  -0.914309, -0.72175  -0.919508, -0.700201
6  -0.914309, -0.72175  -0.944914, -0.73256  -0.940747, -0.766853  -0.911684, -0.772823  -0.902525, -0.762731  -0.909109, -0.743299
5  -0.902525, -0.762731  -0.911684, -0.772823  -0.893929, -0.802463  -0.887938, -0.799867  -0.895942, -0.782163
6  -0.887938, -0.799867  -0.893929, -0.802463  -0.911985, -0.843039  -0.900009, -0.853813  -0.870126, -0.834691  -0.879934, -0.817571
6  -0.870126, -0.834691  -0.900009, -0.853813  -0.888633, -0.882258  -0.857536, -0.882116  -0.848735, -0.868337  -0.860317, -0.851812
5  -0.848735, -0.868337  -0.857536, -0.882116  -0.833093, -0.907334  -0.823938, -0.900576  -0.837153, -0.884862
6  -0.823938, -0.900576  -0.833093, -0.907334  -0.837278, -0.950865  -0.822507, -0.958554  -0.796059, -0.930966  -0.810723, -0.91629
6  -0.796059, -0.930966  -0.822507, -0.958554  -0.805456, -0.98265  -0.771804, -0.977564  -0.765511, -0.959056  -0.781396, -0.945642
5  -0.765511, -0.959056  -0.771804, -0.977564  -0.744503, -0.996032  -0.732785, -0.984415  -0.749627, -0.97247
6  -0.732785, -0.984415  -0.744503, -0.996032  -0.734212, -1.03832  -0.719049, -1.0426  -0.698436, -1.00666  -0.715942, -0.99636
6  -0.698436, -1.00666  -0.719049, -1.0426  -0.701633, -1.05784  -0.664337, -1.04854  -0.663074, -1.02545  -0.680929, -1.01695
5  -0.663074, -1.02545  -0.664337, -1.04854  -0.640232, -1.05823  -0.627342, -1.04056  -0.645219, -1.03395
6  -0.627342, -1.04056  -0.640232, -1.05823  -0.614988, -1.09457  -0.607559, -1.09637  -0.598704, -1.05058  -0.609465, -1.04716
5  -0.581129, -1.05525  -0.565426, -1.08314  -0.555379, -1.08455  -0.55734, -1.05923  -0.574315, -1.05649
5  -0.55734, -1.05923  -0.555379, -1.08455  -0.532508, -1.08719  -0.524234, -1.06284  -0.540366, -1.06196
5  -0.524234, -1.06284  -0.532508, -1.08719  -0.518805, -1.09088  -0.492857, -1.06286  -0.508103, -1.06372
5  -0.492857, -1.06286  -0.464211, -1.09144  -0.452376, -1.08621  -0.462128, -1.05945  -0.477611, -1.062
5  -0.462128, -1.05945  -0.452376, -1.08621  -0.431174, -1.0816  -0.43069, -1.05261  -0.446646, -1.0569
5  -0.43069, -1.05261  -0.431174, -1.0816  -0.416258, -1.08393  -0.398481, -1.04227  -0.414734, -1.04833
5  -0.398481, -1.04227  -0.358866, -1.06489  -0.346026, -1.05287  -0.365922, -1.02839  -0.382228, -1.03621
5  -0.365922, -1.02839  -0.346026, -1.05287  -0.327442, -1.0433  -0.333537, -1.01106  -0.349616, -1.02057
6  -0.333537, -1.01106  -0.327442, -1.0433  -0.315965, -1.04039  -0.301122, -0.991549  -0.301904, -0.990452  -0.317459, -1.00154
6  -0.301904, -0.990452  -0.301122, -0.991549  -0.254246, -1.00224  -0.244381, -0.988356  -0.271611, -0.966859  -0.286349, -0.979361
6  -0.271611, -0.966859  -0.244381, -0.988356  -0.225041, -0.974163  -0.228872, -0.944168  -0.243224, -0.940654  -0.256872, -0.954357
5  -0.243224, -0.940654  -0.228872, -0.944168  -0.211883, -0.916863  -0.217267, -0.912289  -0.229577, -0.926951
6  -0.217267, -0.912289  -0.211883, -0.916863  -0.166386, -0.911782  -0.161592, -0.900005  -0.194195, -0.882277  -0.204958, -0.897628
6  -0.194195, -0.882277  -0.161592, -0.900005  -0.147171, -0.8832  -0.15735, -0.853301  -0.174376, -0.851167  -0.183432, -0.866926
5  -0.174376, -0.851167  -0.15735, -0.853301  -0.146597, -0.825455  -0.158076, -0.819523  -0.16532, -0.835409
6  -0.158076, -0.819523  -0.146597, -0.825455  -0.108064, -0.805733  -0.106693, -0.798356  -0.145423, -0.787833  -0.150831, -0.803636
6  -0.145423, -0.787833  -0.106693, -0.798356  -0.0990126, -0.782325  -0.115948, -0.753202  -0.13597, -0.755153  -0.140015, -0.772031
5  -0.13597, -0.755153  -0.115948, -0.753202  -0.112574, -0.723585  -0.12904, -0.719476  -0.131925, -0.738276
6  -0.12904, -0.719476  -0.112574, -0.723585  -0.0803994, -0.692543  -0.0822568, -0.681922  -0.124504, -0.679762  -0.126154, -0.700676
6  -0.124504, -0.679762  -0.0822568, -0.681922  -0.0751565, -0.652926  -0.100236, -0.628253  -0.122523, -0.635774  -0.122853, -0.658847
5  -0.122523, -0.635774  -0.100236, -0.628253  -0.103805, -0.58957  -0.123238, -0.587531  -0.122193, -0.6127
6  -0.123238, -0.587531  -0.103805, -0.58957  -0.0736985, -0.551757  -0.078988, -0.535314  -0.126707, -0.535224  -0.124282, -0.562361
6  -0.126707, -0.535224  -0.0803259, -0.520182  -0.0777039, -0.489349  -0.109078, -0.466065  -0.132891, -0.479143  -0.129132, -0.508087
5  -0.132891, -0.479143  -0.109078, -0.466065  -0.118491, -0.421594  -0.141653, -0.419621  -0.13665, -0.4502
6  -0.141653, -0.419621  -0.118491, -0.421594  -0.0903784, -0.377938  -0.101766, -0.354005  -0.152776, -0.356996  -0.146656, -0.389043
6  -0.152776, -0.356996  -0.10511, -0.336478  -0.104101, -0.299853  -0.140862, -0.272571  -0.165977, -0.291589  -0.158895, -0.32495
5  -0.165977, -0.291589  -0.140862, -0.272571  -0.152363, -0.22823  -0.180925, -0.223692  -0.173058, -0.258229
6  -0.180925, -0.223692  -0.152363, -0.22823  -0.127195, -0.179466  -0.142782, -0.150102  -0.197253, -0.15356  -0.188793, -0.189155
6  -0.197253, -0.15356  -0.147357, -0.130854  -0.146718, -0.0917938  -0.187413, -0.0571629  -0.214564, -0.0814112  -0.205714, -0.117965
5  -0.214564, -0.0814112  -0.187413, -0.0571629  -0.197612, -0.0162413  -0.232437, -0.0074221  -0.223414, -0.0448572
5  -0.232437, -0.0074221  -0.197612, -0.0162413  -0.195361, 0.021987  -0.250432, 0.0682723  -0.241461, 0.030013
5  -0.250432, 0.0682723  -0.21824, 0.134343  -0.239299, 0.172069  -0.268086, 0.14558  -0.259404, 0.106532
5  -0.268086, 0.14558  -0.239299, 0.172069  -0.246378, 0.210757  -0.28491, 0.224453  -0.276769, 0.184628
5  -0.28491, 0.224453  -0.246378, 0.210757  -0.239632, 0.250288  -0.300381, 0.304891  -0.293051, 0.264279
5  -0.300381, 0.304891  -0.257502, 0.367384  -0.281751, 0.409344  -0.313931, 0.386935  -0.30771, 0.345503
5  -0.313931, 0.386935  -0.281751, 0.409344  -0.284889, 0.454105  -0.324931, 0.470666  -0.320151, 0.428366
5  -0.324931, 0.470666  -0.284889, 0.454105  -0.27049, 0.48909  -0.332668, 0.556196  -0.32971, 0.512967
5  -0.332668, 0.556196  -0.276035, 0.610585  -0.300402, 0.657089  -0.336324, 0.643633  -0.335626, 0.599424
5  -0.336324, 0.643633  -0.300402, 0.657089  -0.294589, 0.712726  -0.334953, 0.733047  -0.337023, 0.687842
5  -0.334953, 0.733047  -0.294589, 0.712726  -0.279139, 0.736261  -0.327469, 0.824393  -0.332884, 0.778253
5  -0.327469, 0.824393  -0.255193, 0.863741  -0.277927, 0.911128  -0.312667, 0.917419  -0.322054, 0.870534
6  -0.312667, 0.917419  -0.277927, 0.911128  -0.237181, 0.994661  -0.262887, 1.01571  -0.289294, 1.01155  -0.30328, 0.964303
5  -0.289294, 1.01155  -0.262887, 1.01571  -0.255438, 1.10455  -0.256619, 1.10504  -0.275308, 1.0588
6  -0.256619, 1.10504  -0.255438, 1.10455  -0.173588, 1.11957  -0.174441, 1.17045  -0.215246, 1.19499  -0.23793, 1.15128
6  -0.215246, 1.19499  -0.162169, 1.19379  -0.120027, 1.24135  -0.138909, 1.27241  -0.166279, 1.27977  -0.192562, 1.23871
5  -0.166279, 1.27977  -0.138909, 1.27241  -0.101853, 1.3521  -0.110437, 1.35915  -0.139996, 1.32083
6  -0.110437, 1.35915  -0.101853, 1.3521  -0.0296157, 1.34875  -0.0148795, 1.39414  -0.048307, 1.43296  -0.0808793, 1.39747
6  -0.048307, 1.43296  0.0028173, 1.41341  0.0526854, 1.445  0.0455979, 1.4843  0.0196483, 1.50101  -0.0157347, 1.46845
5  0.0196483, 1.50101  0.0455979, 1.4843  0.10293, 1.54635  0.0930698, 1.56307  0.0550313, 1.53357
6  0.0930698, 1.56307  0.10293, 1.54635  0.166406, 1.53045  0.193864, 1.56885  0.171685, 1.61886  0.131108, 1.59258
6  0.171685, 1.61886  0.21564, 1.58296  0.269398, 1.59915  0.279882, 1.64383  0.255286, 1.66796  0.212262, 1.64514
5  0.255286, 1.66796  0.279882, 1.64383  0.34667, 1.68231  0.343697, 1.70986  0.29831, 1.69078
6  0.343697, 1.70986  0.34667, 1.68231  0.403827, 1.6568  0.442977, 1.68599  0.436733, 1.74389  0.389083, 1.72894
6  0.436733, 1.74389  0.468212, 1.69391  0.523262, 1.69388  0.558895, 1.73796  0.534145, 1.76922  0.484383, 1.75884
5  0.534145, 1.76922  0.558895, 1.73796  0.621225, 1.74992  0.635533, 1.78486  0.583907, 1.7796
6  0.635533, 1.78486  0.621225, 1.74992  0.674585, 1.71393  0.724951, 1.72969  0.739627, 1.78979  0.687159, 1.79013
6  0.739627, 1.78979  0.752378, 1.72951  0.802144, 1.71255  0.862876, 1.74423  0.843392, 1.78367  0.792094, 1.78945
5  0.843392, 1.78367  0.862876, 1.74423  0.912799, 1.73394  0.944389, 1.76717  0.894689, 1.77789
5  0.944389, 1.76717  0.912799, 1.73394  0.952776, 1.70532  1.04196, 1.74124  0.994089, 1.75645
5  1.04196, 1.74124  1.08197, 1.66198  1.1379, 1.66443  1.13571, 1.70673  1.08983, 1.72604
5  1.13571, 1.70673  1.1379, 1.66443  1.18701, 1.63675  1.22537, 1.66432  1.18159, 1.68743
5  1.22537, 1.66432  1.18701, 1.63675  1.20856, 1.60144  1.31072, 1.61453  1.26915, 1.64121
5  1.31072, 1.61453  1.31988, 1.52571  1.37851, 1.51763  1.39154, 1.55776  1.35229, 1.58786
5  1.39154, 1.55776  1.37851, 1.51763  1.42239, 1.47348  1.46755, 1.49427  1.43078, 1.52767
6  1.46755, 1.49427  1.42239, 1.47348  1.43184, 1.44711  1.53713, 1.42303  1.53842, 1.42423  1.50432, 1.46087
6  1.53842, 1.42423  1.53713, 1.42303  1.52046, 1.33621  1.5639, 1.31776  1.6037, 1.34771  1.57252, 1.38758
6  1.6037, 1.34771  1.5816, 1.29481  1.61096, 1.23561  1.64413, 1.23868  1.66281, 1.26476  1.63487, 1.30784
5  1.66281, 1.26476  1.64413, 1.23868  1.70641, 1.17093  1.71504, 1.1754  1.69075, 1.22168
6  1.71504, 1.1754  1.70641, 1.17093  1.67111, 1.09578  1.70741, 1.06415  1.75934, 1.08019  1.73933, 1.12913
6  1.75934, 1.08019  1.719, 1.03568  1.72853, 0.972609  1.76418, 0.963374  1.79445, 0.981926  1.77936, 1.03125
5  1.79445, 0.981926  1.76418, 0.963374  1.79933, 0.879966  1.8202, 0.883667  1.80955, 0.932598
6  1.8202, 0.883667  1.79933, 0.879966  1.75709, 0.822839  1.77617, 0.789517  1.83769, 0.786578  1.83085, 0.834735
5  1.83769, 0.786578  1.79395, 0.696961  1.80973, 0.678952  1.84818, 0.691237  1.84453, 0.73842
5  1.84818, 0.691237  1.80973, 0.678952  1.81988, 0.601808  1.85287, 0.597924  1.85184, 0.644054
5  1.85287, 0.597924  1.81988, 0.601808  1.79438, 0.562812  1.85282, 0.506731  1.8539, 0.551795
5  1.85282, 0.506731  1.79002, 0.43416  1.80349, 0.407686  1.84895, 0.417651  1.85173, 0.461667
5  1.84895, 0.417651  1.80349, 0.407686  1.80077, 0.345601  1.84207, 0.330642  1.84617, 0.373634
6  1.84207, 0.330642  1.80077, 0.345601  1.77674, 0.312749  1.82662, 0.246432  1.83289, 0.245672  1.83798, 0.28765
7  1.83289, 0.245672  1.82662, 0.246432  1.7645, 0.183331  1.76983, 0.153898  1.81773, 0.16151  1.82204, 0.162738  1.82781, 0.203693
4  1.82204, 0.162738  1.81773, 0.16151  1.81006, 0.0818834  1.81626, 0.121783
6  1.81006, 0.0818834  1.76274, 0.106004  1.7489, 0.0790823  1.78093, 0.00591871  1.79749, 0.00319858  1.80387, 0.0419839
6  1.79749, 0.00319858  1.78093, 0.00591871  1.74985, -0.0464231  1.77493, -0.0902793  1.78481, -0.0731728  1.79112, -0.0355867
5  1.78481, -0.0731728  1.77493, -0.0902793  1.76739, -0.126712  1.77246, -0.147035  1.77849, -0.110759
6  1.77246, -0.147035  1.76739, -0.126712  1.72719, -0.154307  1.73553, -0.214117  1.76091, -0.218143  1.76644, -0.183312
6  1.76091, -0.218143  1.73553, -0.214117  1.70671, -0.256287  1.74052, -0.296728  1.75056, -0.286195  1.75538, -0.252974
5  1.75056, -0.286195  1.74052, -0.296728  1.7316, -0.334699  1.74181, -0.350831  1.74575, -0.319415
6  1.74181, -0.350831  1.7316, -0.334699  1.69282, -0.355323  1.70166, -0.408345  1.73498, -0.411633  1.73788, -0.382247
6  1.73498, -0.411633  1.70166, -0.408345  1.68328, -0.437819  1.71683, -0.476065  1.73033, -0.468124  1.73208, -0.441019
5  1.73033, -0.468124  1.71683, -0.476065  1.71229, -0.506149  1.72801, -0.519782  1.72857, -0.495229
6  1.72801, -0.519782  1.71229, -0.506149  1.68233, -0.531132  1.68786, -0.567004  1.72808, -0.56606  1.72746, -0.544335
6  1.72808, -0.56606  1.68786, -0.567004  1.68488, -0.575642  1.71276, -0.615319  1.7304, -0.606433  1.7287, -0.587786
5  1.7304, -0.606433  1.71276, -0.615319  1.71332, -0.631088  1.73467, -0.64047  1.7321, -0.625081
6  1.73467, -0.64047  1.71332, -0.631088  1.69625, -0.664029  1.72031, -0.682655  1.7404, -0.667944  1.73724, -0.65586
5  1.7404, -0.667944  1.72031, -0.682655  1.72564, -0.698629  1.74698, -0.688974  1.74356, -0.680029
6  1.74698, -0.688974  1.72564, -0.698629  1.72799, -0.708748  1.75248, -0.706636  1.75383, -0.704277  1.7504, -0.697918
4  1.75383, -0.704277  1.75248, -0.706636  1.7614, -0.716826  1.75726, -0.710635
5  1.7614, -0.716826  1.74493, -0.740858  1.75018, -0.746575  1.77073, -0.72963  1.76554, -0.723017
6  1.77073, -0.72963  1.75018, -0.746575  1.75376, -0.753771  1.7791, -0.747817  1.78215, -0.743007  1.77593, -0.736243
5  1.78215, -0.743007  1.7791, -0.747817  1.79253, -0.759388  1.79553, -0.756386  1.78838, -0.749771
6  1.79553, -0.756386  1.79253, -0.759388  1.78674, -0.789028  1.79249, -0.792661  1.81055, -0.76917  1.80268, -0.763001
6  1.81055, -0.76917  1.79249, -0.792661  1.79565, -0.796452  1.82383, -0.789246  1.82674, -0.780796  1.81842, -0.77534
5  1.82674, -0.780796  1.82383, -0.789246  1.83787, -0.797602  1.8435, -0.790775  1.83506, -0.786252
6  1.8435, -0.790775  1.83787, -0.797602  1.85086, -0.815345  1.86438, -0.812532  1.86011, -0.798735  1.85193, -0.795298
5  1.86011, -0.798735  1.86438, -0.812532  1.87251, -0.815426  1.8758, -0.80445  1.86829, -0.802171
5  1.8758, -0.80445  1.87251, -0.815426  1.88481, -0.818848  1.88976, -0.807877  1.88331, -0.806729
6  1.88976, -0.807877  1.88481, -0.818848  1.89414, -0.827908  1.90313, -0.82369  1.90121, -0.80918  1.8962, -0.809026
5  1.90121, -0.80918  1.90313, -0.82369  1.91222, -0.823332  1.90954, -0.80874  1.90623, -0.809334
6  1.90954, -0.80874  1.91222, -0.823332  1.91949, -0.824014  1.92393, -0.821548  1.91437, -0.807137  1.91285, -0.808146
5  1.91437, -0.807137  1.92393, -0.821548  1.92603, -0.820104  1.91757, -0.804919  1.91589, -0.806128
5  1.91757, -0.804919  1.92603, -0.820104  1.92909, -0.818483  1.9223, -0.80209  1.91925, -0.803709
5  1.9223, -0.80209  1.92909, -0.818483  1.93342, -0.816214  1.9297, -0.798197  1.92536, -0.800471
6  1.9297, -0.798197  1.93342, -0.816214  1.94962, -0.816698  1.95484, -0.807944  1.93941, -0.792834  1.93403, -0.795924
5  1.93941, -0.792834  1.95484, -0.807944  1.96357, -0.80199  1.95087, -0.785773  1.94478, -0.789744
5  1.95087, -0.785773  1.96357, -0.80199  1.97097, -0.797233  1.96343, -0.776986  1.95696, -0.781802
6  1.96343, -0.776986  1.97097, -0.797233  1.9935, -0.793795  1.99808, -0.777854  1.97639, -0.766632  1.9699, -0.77217
5  1.97639, -0.766632  1.99808, -0.777854  2.00667, -0.769425  1.9891, -0.755031  1.98289, -0.761093
5  1.9891, -0.755031  2.00667, -0.769425  2.01367, -0.762714  2.00098, -0.742637  1.99531, -0.748968
5  2.00098, -0.742637  2.01367, -0.762714  2.01658, -0.760118  2.01158, -0.730001  2.00665, -0.736306
5  2.01158, -0.730001  2.03706, -0.736344  2.04152, -0.729023  2.0206, -0.717728  2.01652, -0.723696
5  2.0206, -0.717728  2.04152, -0.729023  2.04543, -0.723225  2.02791, -0.706426  2.02469, -0.71176
5  2.02791, -0.706426  2.04543, -0.723225  2.04791, -0.720048  2.03357, -0.696631  2.03113, -0.701091
5  2.03357, -0.696631  2.05831, -0.698346  2.05971, -0.69484  2.03838, -0.687085  2.03601, -0.692171
5  2.03838, -0.687085  2.05971, -0.69484  2.06468, -0.681297  2.04349, -0.674049  2.04074, -0.681999
5  2.04349, -0.674049  2.06468, -0.681297  2.06662, -0.673991  2.04905, -0.654815  2.04625, -0.666098
6  2.04905, -0.654815  2.06662, -0.673991  2.08315, -0.662435  2.07191, -0.630749  2.05431, -0.628748  2.05185, -0.643532
5  2.05431, -0.628748  2.07191, -0.630749  2.07728, -0.603499  2.05855, -0.595734  2.05676, -0.613965
6  2.05855, -0.595734  2.07728, -0.603499  2.10171, -0.580881  2.10025, -0.562528  2.06122, -0.556021  2.06034, -0.577504
6  2.06122, -0.556021  2.10025, -0.562528  2.10511, -0.546119  2.06766, -0.51003  2.06196, -0.510068  2.06211, -0.534538
5  2.06196, -0.510068  2.06766, -0.51003  2.07567, -0.467425  2.06061, -0.458433  2.06182, -0.485598
6  2.06061, -0.458433  2.07567, -0.467425  2.09816, -0.44585  2.09124, -0.409805  2.05716, -0.401695  2.0594, -0.431268
5  2.05716, -0.401695  2.09124, -0.409805  2.0988, -0.376772  2.05174, -0.340412  2.05492, -0.372123
5  2.05174, -0.340412  2.08243, -0.282747  2.0699, -0.254601  2.04459, -0.275092  2.04857, -0.308701
5  2.04459, -0.275092  2.0699, -0.254601  2.06385, -0.217554  2.03599, -0.206188  2.04061, -0.241483
6  2.03599, -0.206188  2.06385, -0.217554  2.09172, -0.16969  2.07485, -0.13802  2.0303, -0.153169  2.03138, -0.170893
6  2.02524, -0.116367  2.07132, -0.112487  2.07727, -0.0720188  2.03408, -0.0468907  2.01596, -0.0591076  2.02126, -0.0972891
5  2.01596, -0.0591076  2.03408, -0.0468907  2.02685, 0.011325  2.00535, 0.0185626  2.01066, -0.020926
6  2.00535, 0.0185626  2.02685, 0.011325  2.06164, 0.0456616  2.02339, 0.102307  1.99495, 0.0987602  2.00003, 0.0580512
5  1.99495, 0.0987602  2.02339, 0.102307  2.0393, 0.162848  1.98531, 0.181338  1.98988, 0.139469
4  1.98531, 0.181338  1.98934, 0.263725  1.97699, 0.266199  1.98075, 0.223207
6  1.97699, 0.266199  1.98934, 0.263725  2.01883, 0.283742  1.98578, 0.354188  1.97062, 0.353292  1.97324, 0.309192
6  1.97062, 0.353292  1.98578, 0.354188  2.03402, 0.4185  2.01626, 0.447551  1.97024, 0.435404  1.968, 0.397392
5  1.96914, 0.480609  2.0156, 0.481719  2.01603, 0.524376  1.96661, 0.534106  1.96579, 0.487801
5  1.96661, 0.534106  2.01603, 0.524376  2.02575, 0.539859  1.97065, 0.627788  1.96743, 0.58041
5  1.97065, 0.627788  2.03859, 0.676721  2.01178, 0.720922  1.98002, 0.723533  1.97387, 0.675165
5  1.98002, 0.723533  2.01178, 0.720922  2.03453, 0.8056  1.99587, 0.821076  1.98618, 0.7719
5  1.99587, 0.821076  2.03453, 0.8056  2.05106, 0.81698  2.01937, 0.919905  2.00555, 0.870252
6  2.01937, 0.919905  2.07989, 0.909573  2.10615, 0.945685  2.06574, 1.014  2.0517, 1.01917  2.03319, 0.969558
5  2.0517, 1.01917  2.06574, 1.014  2.11862, 1.09332  2.09365, 1.11719  2.07022, 1.06878
6  2.09365, 1.11719  2.11862, 1.09332  2.15275, 1.09509  2.17271, 1.15896  2.14461, 1.21093  2.11707, 1.16561
5  2.14461, 1.21093  2.19075, 1.18899  2.23435, 1.2125  2.20337, 1.29832  2.17215, 1.25626
5  2.20337, 1.29832  2.31072, 1.33627  2.31552, 1.36675  2.26918, 1.37911  2.23459, 1.34038
5  2.26918, 1.37911  2.31552, 1.36675  2.35495, 1.41805  2.34148, 1.45317  2.30377, 1.41785
5  2.34148, 1.45317  2.35495, 1.41805  2.41468, 1.4371  2.41985, 1.52026  2.3792, 1.4885
5  2.41985, 1.52026  2.52254, 1.52844  2.54108, 1.5625  2.50392, 1.58004  2.4605, 1.55203
5  2.50392, 1.58004  2.54108, 1.5625  2.59151, 1.59978  2.59339, 1.63205  2.54735, 1.60806
6  2.59339, 1.63205  2.59151, 1.59978  2.66427, 1.58401  2.69953, 1.62186  2.68792, 1.67566  2.63943, 1.65603
6  2.68792, 1.67566  2.72873, 1.63368  2.78948, 1.63933  2.81671, 1.69092  2.78709, 1.71015  2.7364, 1.69529
5  2.78709, 1.71015  2.81671, 1.69092  2.87435, 1.71086  2.89036, 1.73464  2.83778, 1.725
6  2.89036, 1.73464  2.87435, 1.71086  2.93548, 1.66767  2.98951, 1.70227  2.97173, 1.74703  2.94294, 1.74428
6  3.02577, 1.75097  3.01571, 1.70508  3.08642, 1.68388  3.13141, 1.73067  3.10592, 1.74994  3.05101, 1.75215
5  3.10592, 1.74994  3.13141, 1.73067  3.18866, 1.72966  3.21559, 1.73907  3.16083, 1.74772
7  3.21559, 1.73907  3.18866, 1.72966  3.20153, 1.67315  3.22702, 1.66036  3.31832, 1.70028  3.32265, 1.7159  3.27036, 1.73041
7  3.32265, 1.7159  3.31832, 1.70028  3.38452, 1.62208  3.42096, 1.62318  3.43833, 1.66887  3.4244, 1.68203  3.37495, 1.70139
5  3.4244, 1.68203  3.43833, 1.66887  3.50151, 1.6408  3.52064, 1.63933  3.47385, 1.66268
7  3.52064, 1.63933  3.50151, 1.6408  3.48442, 1.59502  3.51135, 1.56286  3.61147, 1.58867  3.61183, 1.58928  3.56742, 1.61598
6  3.61183, 1.58928  3.61147, 1.58867  3.63905, 1.4874  3.69188, 1.4833  3.69862, 1.53302  3.65624, 1.56258
5  3.69862, 1.53302  3.69188, 1.4833  3.73741, 1.45176  3.78166, 1.47143  3.741, 1.50347
5  3.78166, 1.47143  3.73741, 1.45176  3.76535, 1.4057  3.86153, 1.40515  3.82232, 1.43939
6  3.86153, 1.40515  3.83877, 1.34107  3.86451, 1.29745  3.93234, 1.29361  3.93872, 1.33474  3.90074, 1.37092
5  3.93872, 1.33474  3.93234, 1.29361  3.97393, 1.25448  4.01362, 1.26063  3.9767, 1.29855
6  4.01362, 1.26063  3.97393, 1.25448  3.97919, 1.18318  4.03813, 1.15814  4.08654, 1.18323  4.05054, 1.2227
6  4.08654, 1.18323  4.06049, 1.13362  4.08561, 1.06873  4.15801, 1.06613  4.15767, 1.10297  4.12253, 1.14376
5  4.15767, 1.10297  4.15801, 1.06613  4.19392, 1.02768  4.2267, 1.02091  4.19281, 1.06218
6  4.2267, 1.02091  4.19392, 1.02768  4.19405, 0.951383  4.27032, 0.920584  4.29311, 0.938673  4.26059, 0.979648
6  4.29311, 0.938673  4.27032, 0.920584  4.29984, 0.832096  4.35101, 0.839694  4.35672, 0.857693  4.32564, 0.897699
5  4.35672, 0.857693  4.35101, 0.839694  4.41349, 0.782302  4.4173, 0.779386  4.38781, 0.817688
7  4.4173, 0.779386  4.41349, 0.782302  4.36636, 0.738898  4.37407, 0.70491  4.45533, 0.690096  4.47446, 0.705276  4.4468, 0.741084
5  4.47446, 0.705276  4.45533, 0.690096  4.49124, 0.625437  4.5276, 0.637014  4.50212, 0.669468
6  4.5276, 0.637014  4.49124, 0.625437  4.47998, 0.589422  4.52165, 0.554883  4.57588, 0.576413  4.55308, 0.60456
6  4.57588, 0.576413  4.53651, 0.536663  4.54668, 0.510723  4.60095, 0.506605  4.61799, 0.525498  4.59868, 0.548265
5  4.61799, 0.525498  4.60095, 0.506605  4.62911, 0.472848  4.65172, 0.486497  4.63729, 0.50273
6  4.65172, 0.486497  4.62911, 0.472848  4.63135, 0.434684  4.64556, 0.427782  4.67599, 0.45956  4.66614, 0.470265
6  4.67599, 0.45956  4.64556, 0.427782  4.6554, 0.417123  4.68815, 0.428548  4.69248, 0.441623  4.68584, 0.448855
5  4.69248, 0.441623  4.68815, 0.428548  4.69552, 0.421073  4.70408, 0.429055  4.69911, 0.434391
5  4.70408, 0.429055  4.69552, 0.421073  4.70527, 0.411486  4.71457, 0.419225  4.70906, 0.42372
6  4.71457, 0.419225  4.70527, 0.411486  4.712, 0.384866  4.71464, 0.38425  4.72827, 0.410838  4.72008, 0.41473
5  4.72827, 0.410838  4.71464, 0.38425  4.73347, 0.377681  4.74867, 0.403893  4.73645, 0.406945
7  4.74867, 0.403893  4.73347, 0.377681  4.75337, 0.350875  4.75873, 0.350037  4.78905, 0.379355  4.77764, 0.398743  4.76089, 0.400842
5  4.77764, 0.398743  4.78905, 0.379355  4.81001, 0.380726  4.81384, 0.395416  4.79439, 0.396644
5  4.81384, 0.395416  4.81001, 0.380726  4.84046, 0.376261  4.85341, 0.394574  4.83329, 0.394188
6  4.85341, 0.394574  4.84046, 0.376261  4.85994, 0.349098  4.8963, 0.353495  4.89446, 0.397982  4.87353, 0.39496
6  4.89446, 0.397982  4.8963, 0.353495  4.91557, 0.347853  4.94315, 0.388382  4.93726, 0.407683  4.91538, 0.401003
5  4.93726, 0.407683  4.94315, 0.388382  4.98631, 0.401967  4.98211, 0.425723  4.95914, 0.414363
6  4.98211, 0.425723  4.98631, 0.401967  5.01115, 0.398687  5.03415, 0.446906  5.02929, 0.4539  5.00508, 0.437082
5  5.02929, 0.4539  5.03415, 0.446906  5.0823, 0.470039  5.07922, 0.490462  5.0535, 0.470718
6  5.07922, 0.490462  5.0823, 0.470039  5.13138, 0.442389  5.16368, 0.462392  5.1325, 0.527957  5.10494, 0.510206
5  5.1325, 0.527957  5.16368, 0.462392  5.19344, 0.473184  5.18981, 0.556504  5.16006, 0.545709
6  5.18981, 0.556504  5.19344, 0.473184  5.25088, 0.457233  5.29301, 0.539853  5.25019, 0.5675  5.21956, 0.5673
5  5.25019, 0.5675  5.29301, 0.539853  5.30838, 0.539954  5.30811, 0.567127  5.28082, 0.567701
4  5.30811, 0.567127  5.30838, 0.539954  5.3433, 0.53943  5.3354, 0.566554
8  5.3433, 0.53943  5.30838, 0.539954  5.29301, 0.539853  5.25088, 0.457233  5.26795, 0.43368  5.32416, 0.417631  5.36783, 0.492258  5.3512, 0.512306
5  5.36783, 0.492258  5.32416, 0.417631  5.36515, 0.385102  5.40882, 0.459731  5.38447, 0.47221
6  5.40882, 0.459731  5.36515, 0.385102  5.40168, 0.347969  5.45345, 0.35411  5.45916, 0.445462  5.43317, 0.447253
6  5.45916, 0.445462  5.45345, 0.35411  5.52316, 0.344437  5.54686, 0.428425  5.51177, 0.453102  5.48514, 0.443672
4  5.51177, 0.453102  5.54686, 0.428425  5.57349, 0.437856  5.5384, 0.462532
7  5.57349, 0.437856  5.54686, 0.428425  5.52316, 0.344437  5.58152, 0.289448  5.63481, 0.302065  5.65929, 0.380757  5.60857, 0.413179
5  5.65929, 0.380757  5.63481, 0.302065  5.72954, 0.256021  5.76558, 0.313506  5.71002, 0.348336
5  5.76558, 0.313506  5.72954, 0.256021  5.7652, 0.190983  5.82114, 0.190983  5.82114, 0.278677
5  5.82114, 0.190983  5.7652, 0.190983  5.72954, 0.125945  5.76558, 0.0684596  5.82114, 0.103289
5  5.76558, 0.0684596  5.72954, 0.125945  5.63481, 0.0799008  5.65929, 0.00120884  5.71002, 0.0336304
7  5.65929, 0.00120884  5.63481, 0.0799008  5.58152, 0.092518  5.52383, 0.0376037  5.54686, -0.0464593  5.57349, -0.0558895  5.60857, -0.0312127
4  5.57349, -0.0558895  5.54686, -0.0464593  5.51177, -0.0711361  5.5384, -0.0805663
6  5.51177, -0.0711361  5.54686, -0.0464593  5.52383, 0.0376037  5.45193, 0.0278601  5.45916, -0.0634963  5.48514, -0.061706
6  5.45916, -0.0634963  5.45193, 0.0278601  5.40253, 0.0339182  5.36515, -0.00313631  5.40882, -0.0777652  5.43317, -0.0652867
5  5.40882, -0.0777652  5.36515, -0.00313631  5.32416, -0.0356652  5.36783, -0.110292  5.38447, -0.0902438
8  5.36783, -0.110292  5.32416, -0.0356652  5.26795, -0.0517142  5.25088, -0.0752674  5.29301, -0.157887  5.30838, -0.157988  5.3433, -0.157464  5.3512, -0.13034
4  5.3433, -0.157464  5.30838, -0.157988  5.30811, -0.185161  5.3354, -0.184587
8  5.50826, 0.190983  5.58152, 0.092518  5.63481, 0.0799008  5.72954, 0.125945  5.7652, 0.190983  5.72954, 0.256021  5.63481, 0.302065  5.58152, 0.289448
7  5.33765, 0.126617  5.40253, 0.0339182  5.45193, 0.0278601  5.52383, 0.0376037  5.58152, 0.092518  5.50826, 0.190983  5.42921, 0.190983
7  5.19692, 0.0654986  5.26795, -0.0517142  5.32416, -0.0356652  5.36515, -0.00313631  5.40253, 0.0339182  5.33765, 0.126617  5.27115, 0.124114
8  5.08167, 0.0105078  5.13138, -0.0604224  5.16368, -0.0804263  5.19344, -0.0912184  5.25088, -0.0752674  5.26795, -0.0517142  5.19692, 0.0654986  5.14859, 0.0639949
6  5.04549, 0.00960619  5.01115, -0.0167204  5.03415, -0.0649396  5.0823, -0.0880728  5.13138, -0.0604224  5.08167, 0.0105078
7  5.33765, 0.255349  5.42921, 0.190983  5.50826, 0.190983  5.58152, 0.289448  5.52316, 0.344437  5.45345, 0.35411  5.40168, 0.347969
6  5.19051, 0.190983  5.27115, 0.124114  5.33765, 0.126617  5.42921, 0.190983  5.33765, 0.255349  5.27115, 0.257852
6  5.07729, 0.129959  5.14859, 0.0639949  5.19692, 0.0654986  5.27115, 0.124114  5.19051, 0.190983  5.14857, 0.190983
6  4.98077, 0.0729675  5.04549, 0.00960619  5.08167, 0.0105078  5.14859, 0.0639949  5.07729, 0.129959  5.0439, 0.129068
7  4.95505, 0.0724055  4.91557, 0.0341134  4.94316, -0.00641569  4.98631, -0.0200006  5.01115, -0.0167204  5.04549, 0.00960619  4.98077, 0.0729675
7  5.19692, 0.316467  5.27115, 0.257852  5.33765, 0.255349  5.40168, 0.347969  5.36515, 0.385102  5.32416, 0.417631  5.26795, 0.43368
6  5.07729, 0.252008  5.14857, 0.190983  5.19051, 0.190983  5.27115, 0.257852  5.19692, 0.316467  5.14859, 0.317971
6  4.97673, 0.190983  5.0439, 0.129068  5.07729, 0.129959  5.14857, 0.190983  5.07729, 0.252008  5.0439, 0.252898
6  4.8931, 0.133427  4.95505, 0.0724055  4.98077, 0.0729675  5.0439, 0.129068  4.97673, 0.190983  4.95447, 0.190983
7  4.81724, 0.0795138  4.85994, 0.0328676  4.89629, 0.0284708  4.91557, 0.0341134  4.95505, 0.0724055  4.8931, 0.133427  4.87532, 0.133075
7  4.80075, 0.0792537  4.75721, 0.0341539  4.7856, 0.0028329  4.80838, 0.00120519  4.84112, 0.00578961  4.85994, 0.0328676  4.81724, 0.0795138
8  5.08167, 0.371458  5.14859, 0.317971  5.19692, 0.316467  5.26795, 0.43368  5.25088, 0.457233  5.19344, 0.473184  5.16368, 0.462392  5.13138, 0.442389
6  4.98077, 0.308999  5.0439, 0.252898  5.07729, 0.252008  5.14859, 0.317971  5.08167, 0.371458  5.04549, 0.37236
6  4.8931, 0.248539  4.95447, 0.190983  4.97673, 0.190983  5.0439, 0.252898  4.98077, 0.308999  4.95505, 0.309561
6  4.81519, 0.190983  4.87532, 0.133075  4.8931, 0.133427  4.95447, 0.190983  4.8931, 0.248539  4.87532, 0.248891
6  4.74387, 0.136986  4.80075, 0.0792537  4.81724, 0.0795138  4.87532, 0.133075  4.81519, 0.190983  4.80304, 0.190983
7  4.66563, 0.0928054  4.70197, 0.0364898  4.72455, 0.0290099  4.75721, 0.0341539  4.80075, 0.0792537  4.74387, 0.136986  4.72786, 0.137415
7  4.56482, 0.0701805  4.58635, 0.0371778  4.61518, 0.0135749  4.67065, 0.0109953  4.70197, 0.0364898  4.66563, 0.0928054  4.63603, 0.0981727
6  4.52318, 0.0874341  4.48605, 0.0815661  4.48069, 0.0365259  4.54057, 0.000840844  4.58635, 0.0371778  4.56482, 0.0701805
6  5.04549, 0.37236  5.08167, 0.371458  5.13138, 0.442389  5.0823, 0.470039  5.03415, 0.446906  5.01115, 0.398687
7  4.95505, 0.309561  4.98077, 0.308999  5.04549, 0.37236  5.01115, 0.398687  4.98631, 0.401967  4.94315, 0.388382  4.91557, 0.347853
7  4.8191, 0.302423  4.87532, 0.248891  4.8931, 0.248539  4.95505, 0.309561  4.91557, 0.347853  4.8963, 0.353495  4.85994, 0.349098
6  4.74906, 0.246014  4.80304, 0.190983  4.81519, 0.190983  4.87532, 0.248891  4.8191, 0.302423  4.80652, 0.302621
6  4.6782, 0.198427  4.72786, 0.137415  4.74387, 0.136986  4.80304, 0.190983  4.74906, 0.246014  4.74247, 0.24639
6  4.5966, 0.168184  4.63603, 0.0981727  4.66563, 0.0928054  4.72786, 0.137415  4.6782, 0.198427  4.66573, 0.200926
6  4.49308, 0.166858  4.52318, 0.0874341  4.56482, 0.0701805  4.63603, 0.0981727  4.5966, 0.168184  4.569, 0.179743
7  4.37399, 0.200093  4.38233, 0.149909  4.41618, 0.0930758  4.48605, 0.0815661  4.52318, 0.0874341  4.49308, 0.166858  4.45504, 0.192819
6  4.33218, 0.238762  4.28287, 0.244103  4.27567, 0.177983  4.34099, 0.133821  4.38233, 0.149909  4.37399, 0.200093
3  4.21892, 0.281255  4.19696, 0.224942  4.24032, 0.259987
7  4.80652, 0.302621  4.8191, 0.302423  4.85994, 0.349098  4.84046, 0.376261  4.81001, 0.380726  4.78905, 0.379355  4.75873, 0.350037
7  4.69619, 0.299934  4.74247, 0.24639  4.74906, 0.246014  4.80652, 0.302621  4.75873, 0.350037  4.75337, 0.350875  4.69751, 0.308429
5  4.62878, 0.267984  4.66573, 0.200926  4.6782, 0.198427  4.74247, 0.24639  4.69619, 0.299934
6  4.54328, 0.256137  4.569, 0.179743  4.5966, 0.168184  4.66573, 0.200926  4.62878, 0.267984  4.61817, 0.272785
6  4.43764, 0.277011  4.45504, 0.192819  4.49308, 0.166858  4.569, 0.179743  4.54328, 0.256137  4.51693, 0.274804
6  4.31752, 0.328909  4.33218, 0.238762  4.37399, 0.200093  4.45504, 0.192819  4.43764, 0.277011  4.40034, 0.311393
8  4.1904, 0.400716  4.18644, 0.331717  4.21892, 0.281255  4.24032, 0.259987  4.28287, 0.244103  4.33218, 0.238762  4.31752, 0.328909  4.27589, 0.373333
6  4.14656, 0.450815  4.08445, 0.458546  4.0842, 0.373458  4.14884, 0.324609  4.18644, 0.331717  4.1904, 0.400716
5  3.99627, 0.55553  3.9707, 0.55149  3.95468, 0.502853  3.99977, 0.433291  4.05088, 0.471686
7  4.66152, 0.359184  4.69751, 0.308429  4.75337, 0.350875  4.73347, 0.377681  4.71464, 0.38425  4.712, 0.384866  4.6664, 0.372029
6  4.59575, 0.344208  4.61817, 0.272785  4.62878, 0.267984  4.69619, 0.299934  4.69751, 0.308429  4.66152, 0.359184
6  4.50204, 0.354262  4.51693, 0.274804  4.54328, 0.256137  4.61817, 0.272785  4.59575, 0.344208  4.57962, 0.355865
6  4.38738, 0.398989  4.40034, 0.311393  4.43764, 0.277011  4.51693, 0.274804  4.50204, 0.354262  4.47204, 0.383846
6  4.26303, 0.465871  4.27589, 0.373333  4.31752, 0.328909  4.40034, 0.311393  4.38738, 0.398989  4.34971, 0.440454
6  4.13216, 0.545939  4.14656, 0.450815  4.1904, 0.400716  4.27589, 0.373333  4.26303, 0.465871  4.21946, 0.515283
7  3.99899, 0.630388  3.99627, 0.55553  4.05088, 0.471686  4.08445, 0.458546  4.14656, 0.450815  4.13216, 0.545939  4.08706, 0.598134
7  3.8661, 0.711467  3.87406, 0.66484  3.89241, 0.592766  3.9707, 0.55149  3.99627, 0.55553  3.99899, 0.630388  3.95373, 0.681783
6  3.82193, 0.758825  3.77011, 0.768339  3.7713, 0.703263  3.80296, 0.669937  3.87406, 0.66484  3.8661, 0.711467
3  3.69761, 0.809869  3.67159, 0.762206  3.71963, 0.790802
6  4.6664, 0.372029  4.712, 0.384866  4.70527, 0.411486  4.69552, 0.421073  4.68815, 0.428548  4.6554, 0.417123
8  4.56744, 0.429787  4.57962, 0.355865  4.59575, 0.344208  4.66152, 0.359184  4.6664, 0.372029  4.6554, 0.417123  4.64556, 0.427782  4.63135, 0.434684
6  4.46006, 0.466149  4.47204, 0.383846  4.50204, 0.354262  4.57962, 0.355865  4.56744, 0.429787  4.54211, 0.454448
6  4.33627, 0.530065  4.34971, 0.440454  4.38738, 0.398989  4.47204, 0.383846  4.46006, 0.466149  4.42415, 0.506797
6  4.20476, 0.609923  4.21946, 0.515283  4.26303, 0.465871  4.34971, 0.440454  4.33627, 0.530065  4.29507, 0.579919
6  4.07109, 0.693831  4.08706, 0.598134  4.13216, 0.545939  4.21946, 0.515283  4.20476, 0.609923  4.16105, 0.661779
6  3.93586, 0.775862  3.95373, 0.681783  3.99899, 0.630388  4.08706, 0.598134  4.07109, 0.693831  4.02474, 0.74608
6  3.80223, 0.849228  3.82193, 0.758825  3.8661, 0.711467  3.95373, 0.681783  3.93586, 0.775862  3.89016, 0.82463
8  3.67212, 0.909684  3.67555, 0.851713  3.69761, 0.809869  3.71963, 0.790802  3.77011, 0.768339  3.82193, 0.758825  3.80223, 0.849228  3.75799, 0.892361
7  3.54739, 0.95524  3.55786, 0.914493  3.57524, 0.882453  3.61607, 0.850611  3.67555, 0.851713  3.67212, 0.909684  3.63016, 0.946345
5  3.5089, 0.98462  3.46461, 0.984042  3.47937, 0.907291  3.55786, 0.914493  3.54739, 0.95524
6  4.54211, 0.454448  4.56744, 0.429787  4.63135, 0.434684  4.62911, 0.472848  4.60095, 0.506605  4.54668, 0.510723
8  4.41046, 0.593459  4.42415, 0.506797  4.46006, 0.466149  4.54211, 0.454448  4.54668, 0.510723  4.53651, 0.536663  4.52165, 0.554883  4.47998, 0.589422
6  4.27958, 0.671293  4.29507, 0.579919  4.33627, 0.530065  4.42415, 0.506797  4.41046, 0.593459  4.36993, 0.642064
6  4.14349, 0.756333  4.16105, 0.661779  4.20476, 0.609923  4.29507, 0.579919  4.27958, 0.671293  4.23554, 0.72487
6  4.00567, 0.840908  4.02474, 0.74608  4.07109, 0.693831  4.16105, 0.661779  4.14349, 0.756333  4.09767, 0.810651
6  3.86924, 0.916486  3.89016, 0.82463  3.93586, 0.775862  4.02474, 0.74608  4.00567, 0.840908  3.95949, 0.891016
6  3.73502, 0.9798  3.75799, 0.892361  3.80223, 0.849228  3.89016, 0.82463  3.86924, 0.916486  3.8229, 0.96143
6  3.60543, 1.02879  3.63016, 0.946345  3.67212, 0.909684  3.75799, 0.892361  3.73502, 0.9798  3.69055, 1.01851
6  3.48264, 1.06155  3.5089, 0.98462  3.54739, 0.95524  3.63016, 0.946345  3.60543, 1.02879  3.56377, 1.06051
8  3.36969, 1.07646  3.38098, 1.01809  3.39182, 1.00703  3.43207, 0.985237  3.46461, 0.984042  3.5089, 0.98462  3.48264, 1.06155  3.44524, 1.08558
6  3.27057, 1.07259  3.28445, 1.03962  3.31358, 1.01448  3.38098, 1.01809  3.36969, 1.07646  3.33867, 1.09236
6  3.249, 1.08058  3.20888, 1.06166  3.21901, 1.02866  3.25597, 1.01936  3.28445, 1.03962  3.27057, 1.07259
3  4.53651, 0.536663  4.57588, 0.576413  4.52165, 0.554883
6  4.36993, 0.642064  4.41046, 0.593459  4.47998, 0.589422  4.49124, 0.625437  4.45533, 0.690096  4.37407, 0.70491
7  4.21678, 0.818362  4.23554, 0.72487  4.27958, 0.671293  4.36993, 0.642064  4.37407, 0.70491  4.36636, 0.738898  4.29246, 0.807785
6  4.07698, 0.904276  4.09767, 0.810651  4.14349, 0.756333  4.23554, 0.72487  4.21678, 0.818362  4.17016, 0.87328
6  3.93648, 0.983166  3.95949, 0.891016  4.00567, 0.840908  4.09767, 0.810651  4.07698, 0.904276  4.02933, 0.956928
6  3.79797, 1.05034  3.8229, 0.96143  3.86924, 0.916486  3.95949, 0.891016  3.93648, 0.983166  3.88901, 1.03077
6  3.66367, 1.10282  3.69055, 1.01851  3.73502, 0.9798  3.8229, 0.96143  3.79797, 1.05034  3.75155, 1.09118
6  3.53482, 1.13937  3.56377, 1.06051  3.60543, 1.02879  3.69055, 1.01851  3.66367, 1.10282  3.61883, 1.13684
6  3.41432, 1.15846  3.44524, 1.08558  3.48264, 1.06155  3.56377, 1.06051  3.53482, 1.13937  3.4933, 1.16597
6  3.3057, 1.15886  3.33867, 1.09236  3.36969, 1.07646  3.44524, 1.08558  3.41432, 1.15846  3.3778, 1.17715
6  3.21317, 1.14054  3.249, 1.08058  3.27057, 1.07259  3.33867, 1.09236  3.3057, 1.15886  3.27651, 1.16966
7  3.13934, 1.10543  3.17169, 1.06262  3.1763, 1.06059  3.20888, 1.06166  3.249, 1.08058  3.21317, 1.14054  3.19415, 1.14461
6  3.13112, 1.1058  3.09155, 1.0595  3.11849, 1.0374  3.1413, 1.03979  3.17169, 1.06262  3.13934, 1.10543
5  3.09748, 1.01351  3.07061, 1.03164  3.06569, 1.03012  3.08469, 1.00896  3.09149, 1.01165
5  4.29246, 0.807785  4.36636, 0.738898  4.41349, 0.782302  4.35101, 0.839694  4.29984, 0.832096
7  4.1477, 0.967595  4.17016, 0.87328  4.21678, 0.818362  4.29246, 0.807785  4.29984, 0.832096  4.27032, 0.920584  4.19405, 0.951383
6  4.00443, 1.04945  4.02933, 0.956928  4.07698, 0.904276  4.17016, 0.87328  4.1477, 0.967595  4.09857, 1.02168
6  3.86189, 1.11998  3.88901, 1.03077  3.93648, 0.983166  4.02933, 0.956928  4.00443, 1.04945  3.95491, 1.09891
6  3.72212, 1.17656  3.75155, 1.09118  3.79797, 1.05034  3.88901, 1.03077  3.86189, 1.11998  3.81301, 1.16351
6  3.58702, 1.21749  3.61883, 1.13684  3.66367, 1.10282  3.75155, 1.09118  3.72212, 1.17656  3.6746, 1.2134
6  3.459, 1.24082  3.4933, 1.16597  3.53482, 1.13937  3.61883, 1.13684  3.58702, 1.21749  3.54171, 1.24672
6  3.3408, 1.24539  3.3778, 1.17715  3.41432, 1.15846  3.4933, 1.16597  3.459, 1.24082  3.41712, 1.26217
6  3.23642, 1.23077  3.27651, 1.16966  3.3057, 1.15886  3.3778, 1.17715  3.3408, 1.24539  3.30445, 1.2588
6  3.14925, 1.19803  3.19415, 1.14461  3.21317, 1.14054  3.27651, 1.16966  3.23642, 1.23077  3.20775, 1.2369
6  3.08091, 1.15065  3.13112, 1.1058  3.13934, 1.10543  3.19415, 1.14461  3.14925, 1.19803  3.129, 1.19892
6  3.02943, 1.09384  3.08449, 1.05763  3.09155, 1.0595  3.13112, 1.1058  3.08091, 1.15065  3.06725, 1.14896
8  2.99262, 1.03138  3.03348, 1.01819  3.04908, 1.02223  3.06569, 1.03012  3.07061, 1.03164  3.08449, 1.05763  3.02943, 1.09384  3.02068, 1.09131
6  2.98783, 1.02919  2.97432, 0.984354  3.01417, 0.973922  3.03166, 0.991553  3.03348, 1.01819  2.99262, 1.03138
6  4.09857, 1.02168  4.1477, 0.967595  4.19405, 0.951383  4.19392, 1.02768  4.15801, 1.06613  4.08561, 1.06873
8  3.9255, 1.18944  3.95491, 1.09891  4.00443, 1.04945  4.09857, 1.02168  4.08561, 1.06873  4.06049, 1.13362  4.03813, 1.15814  3.97919, 1.18318
6  3.78106, 1.25001  3.81301, 1.16351  3.86189, 1.11998  3.95491, 1.09891  3.9255, 1.18944  3.8741, 1.2351
6  3.63985, 1.29518  3.6746, 1.2134  3.72212, 1.17656  3.81301, 1.16351  3.78106, 1.25001  3.73033, 1.28925
6  3.50382, 1.32309  3.54171, 1.24672  3.58702, 1.21749  3.6746, 1.2134  3.63985, 1.29518  3.59051, 1.32727
6  3.37583, 1.33216  3.41712, 1.26217  3.459, 1.24082  3.54171, 1.24672  3.50382, 1.32309  3.45692, 1.34738
6  3.25951, 1.32127  3.30445, 1.2588  3.3408, 1.24539  3.41712, 1.26217  3.37583, 1.33216  3.33274, 1.34814
6  3.15846, 1.29082  3.20775, 1.2369  3.23642, 1.23077  3.30445, 1.2588  3.25951, 1.32127  3.22195, 1.32926
6  3.07524, 1.24361  3.129, 1.19892  3.14925, 1.19803  3.20775, 1.2369  3.15846, 1.29082  3.12771, 1.29215
6  3.00938, 1.18469  3.06725, 1.14896  3.08091, 1.15065  3.129, 1.19892  3.07524, 1.24361  3.05073, 1.24056
6  2.95944, 1.11823  3.02068, 1.09131  3.02943, 1.09384  3.06725, 1.14896  3.00938, 1.18469  2.99013, 1.17912
6  2.92426, 1.0475  2.98783, 1.02919  2.99262, 1.03138  3.02068, 1.09131  2.95944, 1.11823  2.94472, 1.1115
7  2.90307, 0.975282  2.95572, 0.970285  2.9668, 0.976731  2.97432, 0.984354  2.98783, 1.02919  2.92426, 1.0475  2.91371, 1.04076
6  2.89671, 0.969895  2.8996, 0.915653  2.93828, 0.918152  2.95535, 0.940249  2.95572, 0.970285  2.90307, 0.975282
3  4.06049, 1.13362  4.08654, 1.18323  4.03813, 1.15814
6  3.8741, 1.2351  3.9255, 1.18944  3.97919, 1.18318  3.97393, 1.25448  3.93234, 1.29361  3.86451, 1.29745
7  3.69251, 1.37265  3.73033, 1.28925  3.78106, 1.25001  3.8741, 1.2351  3.86451, 1.29745  3.83877, 1.34107  3.76208, 1.38373
6  3.54896, 1.40518  3.59051, 1.32727  3.63985, 1.29518  3.73033, 1.28925  3.69251, 1.37265  3.63914, 1.40732
6  3.41124, 1.41875  3.45692, 1.34738  3.50382, 1.32309  3.59051, 1.32727  3.54896, 1.40518  3.49682, 1.43215
6  3.2826, 1.41178  3.33274, 1.34814  3.37583, 1.33216  3.45692, 1.34738  3.41124, 1.41875  3.36143, 1.43737
6  3.16725, 1.38377  3.22195, 1.32926  3.25951, 1.32127  3.33274, 1.34814  3.2826, 1.41178  3.23664, 1.42175
6  3.06889, 1.33663  3.12771, 1.29215  3.15846, 1.29082  3.22195, 1.32926  3.16725, 1.38377  3.12684, 1.38555
6  2.98855, 1.27541  3.05073, 1.24056  3.07524, 1.24361  3.12771, 1.29215  3.06889, 1.33663  3.03463, 1.33235
6  2.92543, 1.20477  2.99013, 1.17912  3.00938, 1.18469  3.05073, 1.24056  2.98855, 1.27541  2.96002, 1.26716
6  2.87849, 1.12835  2.94472, 1.1115  2.95944, 1.11823  2.99013, 1.17912  2.92543, 1.20477  2.90209, 1.19408
6  2.84692, 1.04925  2.91371, 1.04076  2.92426, 1.0475  2.94472, 1.1115  2.87849, 1.12835  2.85999, 1.11653
6  2.83026, 0.970364  2.89671, 0.969895  2.90307, 0.975282  2.91371, 1.04076  2.84692, 1.04925  2.83317, 1.0376
7  2.82825, 0.894757  2.89031, 0.902338  2.89469, 0.9067  2.8996, 0.915653  2.89671, 0.969895  2.83026, 0.970364  2.82134, 0.960522
8  2.8435, 0.824706  2.87268, 0.834432  2.8804, 0.842646  2.89272, 0.86791  2.89031, 0.902338  2.82825, 0.894757  2.82425, 0.888962  2.8396, 0.826691
5  2.8435, 0.824706  2.85516, 0.782501  2.8832, 0.787367  2.89286, 0.807171  2.87268, 0.834432
4  3.76208, 1.38373  3.83877, 1.34107  3.86153, 1.40515  3.76535, 1.4057
8  3.59388, 1.48701  3.63914, 1.40732  3.69251, 1.37265  3.76208, 1.38373  3.76535, 1.4057  3.73741, 1.45176  3.69188, 1.4833  3.63905, 1.4874
6  3.44657, 1.50517  3.49682, 1.43215  3.54896, 1.40518  3.63914, 1.40732  3.59388, 1.48701  3.53664, 1.5166
6  3.30585, 1.50222  3.36143, 1.43737  3.41124, 1.41875  3.49682, 1.43215  3.44657, 1.50517  3.39017, 1.52623
6  3.17609, 1.47669  3.23664, 1.42175  3.2826, 1.41178  3.36143, 1.43737  3.30585, 1.50222  3.25163, 1.51397
6  3.06229, 1.42965  3.12684, 1.38555  3.16725, 1.38377  3.23664, 1.42175  3.17609, 1.47669  3.12641, 1.47897
6  2.96726, 1.36611  3.03463, 1.33235  3.06889, 1.33663  3.12684, 1.38555  3.06229, 1.42965  3.01885, 1.42433
6  2.89091, 1.29118  2.96002, 1.26716  2.98855, 1.27541  3.03463, 1.33235  2.96726, 1.36611  2.93015, 1.35541
6  2.83223, 1.20897  2.90209, 1.19408  2.92543, 1.20477  2.96002, 1.26716  2.89091, 1.29118  2.85971, 1.27689
6  2.7903, 1.12288  2.85999, 1.11653  2.87849, 1.12835  2.90209, 1.19408  2.83223, 1.20897  2.80656, 1.19255
6  2.76455, 1.03594  2.83317, 1.0376  2.84692, 1.04925  2.85999, 1.11653  2.7903, 1.12288  2.76999, 1.10566
6  2.75462, 0.95128  2.82134, 0.960522  2.83026, 0.970364  2.83317, 1.0376  2.76455, 1.03594  2.74957, 1.01941
6  2.76007, 0.87214  2.82425, 0.888962  2.82825, 0.894757  2.82134, 0.960522  2.75462, 0.95128  2.74494, 0.93725
5  2.77953, 0.800328  2.8396, 0.826691  2.82425, 0.888962  2.76007, 0.87214  2.75534, 0.862762
7  2.81067, 0.736996  2.8513, 0.765342  2.85516, 0.782501  2.8435, 0.824706  2.8396, 0.826691  2.77953, 0.800328  2.77776, 0.795043
7  2.80954, 0.731244  2.8434, 0.68683  2.87081, 0.71112  2.87276, 0.725453  2.87066, 0.749875  2.8513, 0.765342  2.81067, 0.736996
5  3.53664, 1.5166  3.59388, 1.48701  3.63905, 1.4874  3.61147, 1.58867  3.51135, 1.56286
8  3.32895, 1.59247  3.39017, 1.52623  3.44657, 1.50517  3.53664, 1.5166  3.51135, 1.56286  3.48442, 1.59502  3.42096, 1.62318  3.38452, 1.62208
6  3.18478, 1.56948  3.25163, 1.51397  3.30585, 1.50222  3.39017, 1.52623  3.32895, 1.59247  3.26673, 1.60595
6  3.05562, 1.52261  3.12641, 1.47897  3.17609, 1.47669  3.25163, 1.51397  3.18478, 1.56948  3.12618, 1.57216
6  2.94591, 1.45678  3.01885, 1.42433  3.06229, 1.42965  3.12641, 1.47897  3.05562, 1.52261  3.00337, 1.51621
6  2.8562, 1.37753  2.93015, 1.35541  2.96726, 1.36611  3.01885, 1.42433  2.94591, 1.45678  2.90057, 1.44375
6  2.78566, 1.28948  2.85971, 1.27689  2.89091, 1.29118  2.93015, 1.35541  2.8562, 1.37753  2.81751, 1.35988
6  2.73336, 1.19632  2.80656, 1.19255  2.83223, 1.20897  2.85971, 1.27689  2.78566, 1.28948  2.75327, 1.26878
6  2.69853, 1.10125  2.76999, 1.10566  2.7903, 1.12288  2.80656, 1.19255  2.73336, 1.19632  2.70699, 1.17396
6  2.68068, 1.0074  2.74957, 1.01941  2.76455, 1.03594  2.76999, 1.10566  2.69853, 1.10125  2.67805, 1.07864
6  2.67938, 0.918001  2.74494, 0.93725  2.75462, 0.95128  2.74957, 1.01941  2.68068, 1.0074  2.666, 0.986111
6  2.69357, 0.835462  2.75534, 0.862762  2.76007, 0.87214  2.74494, 0.93725  2.67938, 0.918001  2.67021, 0.89981
6  2.72089, 0.760651  2.77776, 0.795043  2.77953, 0.800328  2.75534, 0.862762  2.69357, 0.835462  2.68849, 0.820372
6  2.75736, 0.690584  2.80954, 0.731244  2.81067, 0.736996  2.77776, 0.795043  2.72089, 0.760651  2.71797, 0.74585
6  2.80059, 0.621532  2.84372, 0.663577  2.8434, 0.68683  2.80954, 0.731244  2.75736, 0.690584  2.75592, 0.673431
7  2.84944, 0.550776  2.87195, 0.585843  2.87339, 0.614621  2.8654, 0.648677  2.84372, 0.663577  2.80059, 0.621532  2.80072, 0.600548
6  2.85141, 0.525336  2.87766, 0.501714  2.90672, 0.52767  2.89471, 0.573126  2.87195, 0.585843  2.84944, 0.550776
4  3.48442, 1.59502  3.50151, 1.6408  3.43833, 1.66887  3.42096, 1.62318
5  3.26673, 1.60595  3.32895, 1.59247  3.38452, 1.62208  3.31832, 1.70028  3.22702, 1.66036
7  3.04881, 1.61541  3.12618, 1.57216  3.18478, 1.56948  3.26673, 1.60595  3.22702, 1.66036  3.20153, 1.67315  3.10448, 1.66746
6  2.92443, 1.54731  3.00337, 1.51621  3.05562, 1.52261  3.12618, 1.57216  3.04881, 1.61541  2.98805, 1.60797
6  2.82141, 1.46381  2.90057, 1.44375  2.94591, 1.45678  3.00337, 1.51621  2.92443, 1.54731  2.87119, 1.53201
6  2.73903, 1.36993  2.81751, 1.35988  2.8562, 1.37753  2.90057, 1.44375  2.82141, 1.46381  2.77554, 1.44289
6  2.67629, 1.26966  2.75327, 1.26878  2.78566, 1.28948  2.81751, 1.35988  2.73903, 1.36993  2.70018, 1.34514
6  2.63231, 1.16639  2.70699, 1.17396  2.73336, 1.19632  2.75327, 1.26878  2.67629, 1.26966  2.64412, 1.24245
6  2.60652, 1.06327  2.67805, 1.07864  2.69853, 1.10125  2.70699, 1.17396  2.63231, 1.16639  2.60665, 1.1381
6  2.59845, 0.963476  2.666, 0.986111  2.68068, 1.0074  2.67805, 1.07864  2.60652, 1.06327  2.58724, 1.03531
6  2.60731, 0.869767  2.67021, 0.89981  2.67938, 0.918001  2.666, 0.986111  2.59845, 0.963476  2.58532, 0.937407
6  2.63091, 0.783396  2.68849, 0.820372  2.69357, 0.835462  2.67021, 0.89981  2.60731, 0.869767  2.59936, 0.846124
6  2.66538, 0.702565  2.71797, 0.74585  2.72089, 0.760651  2.68849, 0.820372  2.63091, 0.783396  2.62643, 0.760654
6  2.70791, 0.624324  2.75592, 0.673431  2.75736, 0.690584  2.71797, 0.74585  2.66538, 0.702565  2.66338, 0.678791
6  2.75686, 0.546174  2.80072, 0.600548  2.80059, 0.621532  2.75592, 0.673431  2.70791, 0.624324  2.70807, 0.59817
6  2.81123, 0.466232  2.85141, 0.525336  2.84944, 0.550776  2.80072, 0.600548  2.75686, 0.546174  2.75913, 0.516884
7  2.87022, 0.383187  2.88879, 0.416852  2.89523, 0.468146  2.87766, 0.501714  2.85141, 0.525336  2.81123, 0.466232  2.81555, 0.433495
6  2.87646, 0.346931  2.90489, 0.322253  2.94295, 0.353127  2.92212, 0.409901  2.88879, 0.416852  2.87022, 0.383187
5  3.10448, 1.66746  3.20153, 1.67315  3.18866, 1.72966  3.13141, 1.73067  3.08642, 1.68388
8  2.90285, 1.6377  2.98805, 1.60797  3.04881, 1.61541  3.10448, 1.66746  3.08642, 1.68388  3.01571, 1.70508  2.98951, 1.70227  2.93548, 1.66767
6  2.78653, 1.54995  2.87119, 1.53201  2.92443, 1.54731  2.98805, 1.60797  2.90285, 1.6377  2.84194, 1.6202
6  2.69233, 1.45026  2.77554, 1.44289  2.82141, 1.46381  2.87119, 1.53201  2.78653, 1.54995  2.73372, 1.52585
6  2.61915, 1.34293  2.70018, 1.34514  2.73903, 1.36993  2.77554, 1.44289  2.69233, 1.45026  2.64725, 1.42149
6  2.56602, 1.23147  2.64412, 1.24245  2.67629, 1.26966  2.70018, 1.34514  2.61915, 1.34293  2.58143, 1.31102
6  2.53225, 1.11901  2.60665, 1.1381  2.63231, 1.16639  2.64412, 1.24245  2.56602, 1.23147  2.5354, 1.19772
6  2.51738, 1.00872  2.58724, 1.03531  2.60652, 1.06327  2.60665, 1.1381  2.53225, 1.11901  2.50859, 1.08474
6  2.52086, 0.903623  2.58532, 0.937407  2.59845, 0.963476  2.58724, 1.03531  2.51738, 1.00872  2.50055, 0.975331
6  2.54081, 0.80564  2.59936, 0.846124  2.60731, 0.869767  2.58532, 0.937407  2.52086, 0.903623  2.51028, 0.872145
6  2.57335, 0.714169  2.62643, 0.760654  2.63091, 0.783396  2.59936, 0.846124  2.54081, 0.80564  2.5349, 0.775608
6  2.61523, 0.626889  2.66338, 0.678791  2.66538, 0.702565  2.62643, 0.760654  2.57335, 0.714169  2.57083, 0.684222
6  2.6643, 0.541454  2.70807, 0.59817  2.70791, 0.624324  2.66338, 0.678791  2.61523, 0.626889  2.61542, 0.595823
6  2.71913, 0.455914  2.75913, 0.516884  2.75686, 0.546174  2.70807, 0.59817  2.6643, 0.541454  2.66685, 0.508443
6  2.77869, 0.368795  2.81555, 0.433495  2.81123, 0.466232  2.75913, 0.516884  2.71913, 0.455914  2.72382, 0.420496
6  2.84204, 0.278972  2.87646, 0.346931  2.87022, 0.383187  2.81555, 0.433495  2.77869, 0.368795  2.78523, 0.330744
7  2.90828, 0.185499  2.92819, 0.224635  2.93675, 0.280728  2.90489, 0.322253  2.87646, 0.346931  2.84204, 0.278972  2.85012, 0.238171
6  2.91748, 0.141842  2.95664, 0.113563  2.98568, 0.154078  2.97003, 0.206544  2.92819, 0.224635  2.90828, 0.185499
3  2.98572, 0.0537484  3.02851, 0.0769544  2.9786, 0.0790595
5  2.97173, 1.74703  2.98951, 1.70227  3.01571, 1.70508  3.02577, 1.75097  3.00052, 1.74979
6  2.84194, 1.6202  2.90285, 1.6377  2.93548, 1.66767  2.87435, 1.71086  2.81671, 1.69092  2.78948, 1.63933
8  2.64557, 1.53047  2.73372, 1.52585  2.78653, 1.54995  2.84194, 1.6202  2.78948, 1.63933  2.72873, 1.63368  2.69953, 1.62186  2.66427, 1.58401
6  2.56198, 1.41608  2.64725, 1.42149  2.69233, 1.45026  2.73372, 1.52585  2.64557, 1.53047  2.59443, 1.49784
6  2.4997, 1.29643  2.58143, 1.31102  2.61915, 1.34293  2.64725, 1.42149  2.56198, 1.41608  2.51886, 1.3796
6  2.45794, 1.17467  2.5354, 1.19772  2.56602, 1.23147  2.58143, 1.31102  2.4997, 1.29643  2.46429, 1.25741
6  2.43625, 1.05384  2.50859, 1.08474  2.53225, 1.11901  2.5354, 1.19772  2.45794, 1.17467  2.43008, 1.13431
6  2.43432, 0.937227  2.50055, 0.975331  2.51738, 1.00872  2.50859, 1.08474  2.43625, 1.05384  2.41589, 1.01348
6  2.45063, 0.827581  2.51028, 0.872145  2.52086, 0.903623  2.50055, 0.975331  2.43432, 0.937227  2.42124, 0.898361
6  2.48128, 0.725527  2.5349, 0.775608  2.54081, 0.80564  2.51028, 0.872145  2.45063, 0.827581  2.44336, 0.790676
6  2.52253, 0.629291  2.57083, 0.684222  2.57335, 0.714169  2.5349, 0.775608  2.48128, 0.725527  2.47827, 0.689713
6  2.57173, 0.536641  2.61542, 0.595823  2.61523, 0.626889  2.57083, 0.684222  2.52253, 0.629291  2.52276, 0.593503
6  2.62704, 0.445549  2.66685, 0.508443  2.6643, 0.541454  2.61542, 0.595823  2.57173, 0.536641  2.57457, 0.500013
6  2.68716, 0.354381  2.72382, 0.420496  2.71913, 0.455914  2.66685, 0.508443  2.62704, 0.445549  2.63207, 0.407499
6  2.75099, 0.26185  2.78523, 0.330744  2.77869, 0.368795  2.72382, 0.420496  2.68716, 0.354381  2.69401, 0.314556
6  2.81752, 0.166883  2.85012, 0.238171  2.84204, 0.278972  2.78523, 0.330744  2.75099, 0.26185  2.75927, 0.220027
6  2.88572, 0.0684926  2.91748, 0.141842  2.90828, 0.185499  2.85012, 0.238171  2.81752, 0.166883  2.8268, 0.122881
8  2.95449, -0.0343139  2.98157, 0.0112043  2.98572, 0.0537484  2.9786, 0.0790595  2.95664, 0.113563  2.91748, 0.141842  2.88572, 0.0684926  2.89551, 0.0221416
6  2.96425, -0.0832656  3.01303, -0.115774  3.0385, -0.0650794  3.02946, -0.0244337  2.98157, 0.0112043  2.95449, -0.0343139
3  3.03879, -0.180719  3.09022, -0.15991  3.03278, -0.15475
3  2.72873, 1.63368  2.68792, 1.67566  2.69953, 1.62186
7  2.50476, 1.48914  2.59443, 1.49784  2.64557, 1.53047  2.66427, 1.58401  2.59151, 1.59978  2.54108, 1.5625  2.52254, 1.52844
6  2.43334, 1.3613  2.51886, 1.3796  2.56198, 1.41608  2.59443, 1.49784  2.50476, 1.48914  2.45638, 1.4482
6  2.3836, 1.23021  2.46429, 1.25741  2.4997, 1.29643  2.51886, 1.3796  2.43334, 1.3613  2.39327, 1.31713
6  2.3551, 1.09884  2.43008, 1.13431  2.45794, 1.17467  2.46429, 1.25741  2.3836, 1.23021  2.35167, 1.18396
6  2.34774, 0.970675  2.41589, 1.01348  2.43625, 1.05384  2.43008, 1.13431  2.3551, 1.09884  2.33134, 1.05176
6  2.36042, 0.849359  2.42124, 0.898361  2.43432, 0.937227  2.41589, 1.01348  2.34774, 0.970675  2.33227, 0.924714
6  2.38919, 0.736732  2.44336, 0.790676  2.45063, 0.827581  2.42124, 0.898361  2.36042, 0.849359  2.35184, 0.805856
6  2.42983, 0.631573  2.47827, 0.689713  2.48128, 0.725527  2.44336, 0.790676  2.38919, 0.736732  2.38569, 0.695266
6  2.47915, 0.531751  2.52276, 0.593503  2.52253, 0.629291  2.47827, 0.689713  2.42983, 0.631573  2.43007, 0.59121
6  2.53495, 0.435141  2.57457, 0.500013  2.57173, 0.536641  2.52276, 0.593503  2.47915, 0.531751  2.48226, 0.491593
6  2.59563, 0.339947  2.63207, 0.407499  2.62704, 0.445549  2.57457, 0.500013  2.53495, 0.435141  2.54032, 0.394505
6  2.65993, 0.244721  2.69401, 0.314556  2.68716, 0.354381  2.63207, 0.407499  2.59563, 0.339947  2.60278, 0.298368
6  2.72676, 0.148264  2.75927, 0.220027  2.75099, 0.26185  2.69401, 0.314556  2.65993, 0.244721  2.66841, 0.201881
6  2.79504, 0.0495082  2.8268, 0.122881  2.81752, 0.166883  2.75927, 0.220027  2.72676, 0.148264  2.73611, 0.103919
6  2.86366, -0.0525798  2.89551, 0.0221416  2.88572, 0.0684926  2.8268, 0.122881  2.79504, 0.0495082  2.80477, 0.00344428
6  2.93145, -0.159151  2.96425, -0.0832656  2.95449, -0.0343139  2.89551, 0.0221416  2.86366, -0.0525798  2.87325, -0.100626
8  2.99703, -0.271702  3.03316, -0.222496  3.03879, -0.180719  3.03278, -0.15475  3.01303, -0.115774  2.96425, -0.0832656  2.93145, -0.159151  2.9403, -0.209612
7  3.05867, -0.392175  3.07683, -0.353364  3.08689, -0.313644  3.0819, -0.270044  3.03316, -0.222496  2.99703, -0.271702  3.00442, -0.325225
5  3.06365, -0.449652  3.08773, -0.484488  3.13755, -0.422085  3.07683, -0.353364  3.05867, -0.392175
5  2.45638, 1.4482  2.50476, 1.48914  2.52254, 1.52844  2.41985, 1.52026  2.41468, 1.4371
8  2.30925, 1.28566  2.39327, 1.31713  2.43334, 1.3613  2.45638, 1.4482  2.41468, 1.4371  2.35495, 1.41805  2.31552, 1.36675  2.31072, 1.33627
6  2.27392, 1.14375  2.35167, 1.18396  2.3836, 1.23021  2.39327, 1.31713  2.30925, 1.28566  2.27333, 1.23366
6  2.26115, 1.00399  2.33134, 1.05176  2.3551, 1.09884  2.35167, 1.18396  2.27392, 1.14375  2.24686, 1.09012
6  2.2702, 0.870996  2.33227, 0.924714  2.34774, 0.970675  2.33134, 1.05176  2.26115, 1.00399  2.24336, 0.951151
6  2.2971, 0.747832  2.35184, 0.805856  2.36042, 0.849359  2.33227, 0.924714  2.2702, 0.870996  2.26037, 0.821103
6  2.33712, 0.633791  2.38569, 0.695266  2.38919, 0.736732  2.35184, 0.805856  2.2971, 0.747832  2.29314, 0.700877
6  2.38657, 0.526815  2.43007, 0.59121  2.42983, 0.631573  2.38569, 0.695266  2.33712, 0.633791  2.33739, 0.588957
6  2.44285, 0.424699  2.48226, 0.491593  2.47915, 0.531751  2.43007, 0.59121  2.38657, 0.526815  2.38995, 0.48319
6  2.50409, 0.325492  2.54032, 0.394505  2.53495, 0.435141  2.48226, 0.491593  2.44285, 0.424699  2.44855, 0.381513
6  2.56887, 0.227582  2.60278, 0.298368  2.59563, 0.339947  2.54032, 0.394505  2.50409, 0.325492  2.51154, 0.282177
6  2.636, 0.129641  2.66841, 0.201881  2.65993, 0.244721  2.60278, 0.298368  2.56887, 0.227582  2.57755, 0.183733
6  2.70436, 0.0305234  2.73611, 0.103919  2.72676, 0.148264  2.66841, 0.201881  2.636, 0.129641  2.64543, 0.0849556
6  2.77284, -0.0708457  2.80477, 0.00344428  2.79504, 0.0495082  2.73611, 0.103919  2.70436, 0.0305234  2.71403, -0.0152524
6  2.84028, -0.175601  2.87325, -0.100626  2.86366, -0.0525798  2.80477, 0.00344428  2.77284, -0.0708457  2.78224, -0.117982
6  2.90536, -0.285151  2.9403, -0.209612  2.93145, -0.159151  2.87325, -0.100626  2.84028, -0.175601  2.84885, -0.224496
6  2.96647, -0.401295  3.00442, -0.325225  2.99703, -0.271702  2.9403, -0.209612  2.90536, -0.285151  2.91244, -0.336391
6  3.02143, -0.526286  3.06365, -0.449652  3.05867, -0.392175  3.00442, -0.325225  2.96647, -0.401295  2.97119, -0.45569
8  3.06713, -0.662743  3.0898, -0.62465  3.11075, -0.592823  3.11361, -0.533732  3.08773, -0.484488  3.06365, -0.449652  3.02143, -0.526286  3.02255, -0.584853
5  3.06285, -0.726548  3.07956, -0.76688  3.14906, -0.714621  3.0898, -0.62465  3.06713, -0.662743
5  2.27333, 1.23366  2.30925, 1.28566  2.31072, 1.33627  2.20337, 1.29832  2.23435, 1.2125
8  2.17454, 1.03721  2.24686, 1.09012  2.27392, 1.14375  2.27333, 1.23366  2.23435, 1.2125  2.19075, 1.18899  2.17271, 1.15896  2.15275, 1.09509
6  2.17999, 0.892529  2.24336, 0.951151  2.26115, 1.00399  2.24686, 1.09012  2.17454, 1.03721  2.15449, 0.977653
6  2.20502, 0.758838  2.26037, 0.821103  2.2702, 0.870996  2.24336, 0.951151  2.17999, 0.892529  2.16892, 0.836403
6  2.24443, 0.635938  2.29314, 0.700877  2.2971, 0.747832  2.26037, 0.821103  2.20502, 0.758838  2.20061, 0.706525
6  2.294, 0.521843  2.33739, 0.588957  2.33712, 0.633791  2.29314, 0.700877  2.24443, 0.635938  2.24472, 0.58673
6  2.35075, 0.414246  2.38995, 0.48319  2.38657, 0.526815  2.33739, 0.588957  2.294, 0.521843  2.29764, 0.474808
6  2.41255, 0.31103  2.44855, 0.381513  2.44285, 0.424699  2.38995, 0.48319  2.35075, 0.414246  2.35679, 0.368537
6  2.47781, 0.210435  2.51154, 0.282177  2.50409, 0.325492  2.44855, 0.381513  2.41255, 0.31103  2.42029, 0.26599
6  2.54524, 0.111015  2.57755, 0.183733  2.56887, 0.227582  2.51154, 0.282177  2.47781, 0.210435  2.48668, 0.165582
6  2.61368, 0.0115373  2.64543, 0.0849556  2.636, 0.129641  2.57755, 0.183733  2.54524, 0.111015  2.55473, 0.0659897
6  2.68201, -0.0891121  2.71403, -0.0152524  2.70436, 0.0305234  2.64543, 0.0849556  2.61368, 0.0115373  2.62329, -0.033949
6  2.7491, -0.192052  2.78224, -0.117982  2.77284, -0.0708457  2.71403, -0.0152524  2.68201, -0.0891121  2.69123, -0.135334
6  2.8137, -0.298604  2.84885, -0.224496  2.84028, -0.175601  2.78224, -0.117982  2.7491, -0.192052  2.7574, -0.239371
6  2.87428, -0.410423  2.91244, -0.336391  2.90536, -0.285151  2.84885, -0.224496  2.8137, -0.298604  2.82046, -0.34754
6  2.92884, -0.529582  2.97119, -0.45569  2.96647, -0.401295  2.91244, -0.336391  2.87428, -0.410423  2.87872, -0.461703
6  2.97457, -0.658514  3.02255, -0.584853  3.02143, -0.526286  2.97119, -0.45569  2.92884, -0.529582  2.92988, -0.584138
6  3.00745, -0.799673  3.06285, -0.726548  3.06713, -0.662743  3.02255, -0.584853  2.97457, -0.658514  2.97062, -0.717364
8  3.02202, -0.954466  3.05681, -0.919062  3.08064, -0.90211  3.10433, -0.823087  3.07956, -0.76688  3.06285, -0.726548  3.00745, -0.799673  2.99625, -0.863568
5  3.00083, -1.02282  3.00508, -1.06822  3.09102, -1.03763  3.05681, -0.919062  3.02202, -0.954466
5  3.05549, -1.13422  3.00836, -1.12934  2.99604, -1.15556  3.03209, -1.18804  3.03772, -1.17533
3  2.19075, 1.18899  2.14461, 1.21093  2.17271, 1.15896
6  2.15449, 0.977653  2.17454, 1.03721  2.15275, 1.09509  2.11862, 1.09332  2.06574, 1.014  2.10615, 0.945685
7  2.11295, 0.769774  2.16892, 0.836403  2.17999, 0.892529  2.15449, 0.977653  2.10615, 0.945685  2.07989, 0.909573  2.07245, 0.832004
6  2.15175, 0.638028  2.20061, 0.706525  2.20502, 0.758838  2.16892, 0.836403  2.11295, 0.769774  2.10809, 0.712205
6  2.20145, 0.516831  2.24472, 0.58673  2.24443, 0.635938  2.20061, 0.706525  2.15175, 0.638028  2.15207, 0.584523
6  2.25866, 0.403769  2.29764, 0.474808  2.294, 0.521843  2.24472, 0.58673  2.20145, 0.516831  2.20535, 0.466438
6  2.32101, 0.296563  2.35679, 0.368537  2.35075, 0.414246  2.29764, 0.474808  2.25866, 0.403769  2.26503, 0.355568
6  2.38674, 0.193294  2.42029, 0.26599  2.41255, 0.31103  2.35679, 0.368537  2.32101, 0.296563  2.32904, 0.249811
6  2.45447, 0.092392  2.48668, 0.165582  2.47781, 0.210435  2.42029, 0.26599  2.38674, 0.193294  2.39581, 0.147437
6  2.52299, -0.00744936  2.55473, 0.0659897  2.54524, 0.111015  2.48668, 0.165582  2.45447, 0.092392  2.46403, 0.0470254
6  2.59118, -0.10738  2.62329, -0.033949  2.61368, 0.0115373  2.55473, 0.0659897  2.52299, -0.00744936  2.53254, -0.0526456
6  2.65793, -0.208505  2.69123, -0.135334  2.68201, -0.0891121  2.62329, -0.033949  2.59118, -0.10738  2.60022, -0.152683
6  2.72204, -0.312061  2.7574, -0.239371  2.7491, -0.192052  2.69123, -0.135334  2.65793, -0.208505  2.66595, -0.254237
6  2.78208, -0.419561  2.82046, -0.34754  2.8137, -0.298604  2.7574, -0.239371  2.72204, -0.312061  2.72848, -0.358672
6  2.83624, -0.532893  2.87872, -0.461703  2.87428, -0.410423  2.82046, -0.34754  2.78208, -0.419561  2.78625, -0.467689
6  2.882, -0.654308  2.92988, -0.584138  2.92884, -0.529582  2.87872, -0.461703  2.83624, -0.532893  2.83721, -0.583386
6  2.91577, -0.786149  2.97062, -0.717364  2.97457, -0.658514  2.92988, -0.584138  2.882, -0.654308  2.87839, -0.708134
6  2.93263, -0.929959  2.99625, -0.863568  3.00745, -0.799673  2.97062, -0.717364  2.91577, -0.786149  2.90561, -0.844109
6  2.92721, -1.08406  3.00083, -1.02282  3.02202, -0.954466  2.99625, -0.863568  2.93263, -0.929959  2.91346, -0.991773
8  2.89718, -1.24202  2.94487, -1.21867  2.99604, -1.15556  3.00836, -1.12934  3.00508, -1.06822  3.00083, -1.02282  2.92721, -1.08406  2.89768, -1.14635
6  2.85842, -1.30137  2.85063, -1.34657  2.93822, -1.34816  2.9713, -1.24922  2.94487, -1.21867  2.89718, -1.24202
5  2.8808, -1.42526  2.83665, -1.40653  2.81867, -1.42774  2.84497, -1.46838  2.85553, -1.45563
4  2.07245, 0.832004  2.07989, 0.909573  2.01937, 0.919905  2.05106, 0.81698
8  2.05908, 0.640074  2.10809, 0.712205  2.11295, 0.769774  2.07245, 0.832004  2.05106, 0.81698  2.03453, 0.8056  2.01178, 0.720922  2.03859, 0.676721
6  2.10891, 0.511786  2.15207, 0.584523  2.15175, 0.638028  2.10809, 0.712205  2.05908, 0.640074  2.05942, 0.582335
6  2.16659, 0.39327  2.20535, 0.466438  2.20145, 0.516831  2.15207, 0.584523  2.10891, 0.511786  2.11306, 0.458079
6  2.22948, 0.282084  2.26503, 0.355568  2.25866, 0.403769  2.20535, 0.466438  2.16659, 0.39327  2.17328, 0.342604
6  2.29568, 0.176148  2.32904, 0.249811  2.32101, 0.296563  2.26503, 0.355568  2.22948, 0.282084  2.23781, 0.233633
6  2.3637, 0.0737731  2.39581, 0.147437  2.38674, 0.193294  2.32904, 0.249811  2.29568, 0.176148  2.30495, 0.129294
6  2.4323, -0.0264278  2.46403, 0.0470254  2.45447, 0.092392  2.39581, 0.147437  2.3637, 0.0737731  2.37334, 0.0280652
6  2.50035, -0.125643  2.53254, -0.0526456  2.52299, -0.00744936  2.46403, 0.0470254  2.4323, -0.0264278  2.44178, -0.0713362
6  2.56675, -0.22496  2.60022, -0.152683  2.59118, -0.10738  2.53254, -0.0526456  2.50035, -0.125643  2.5092, -0.170025
6  2.63037, -0.325523  2.66595, -0.254237  2.65793, -0.208505  2.60022, -0.152683  2.56675, -0.22496  2.57449, -0.269092
6  2.68988, -0.428708  2.72848, -0.358672  2.72204, -0.312061  2.66595, -0.254237  2.63037, -0.325523  2.63649, -0.369784
6  2.74365, -0.536222  2.78625, -0.467689  2.78208, -0.419561  2.72848, -0.358672  2.68988, -0.428708  2.69378, -0.473642
6  2.78943, -0.65013  2.83721, -0.583386  2.83624, -0.532893  2.78625, -0.467689  2.74365, -0.536222  2.74453, -0.582586
6  2.82408, -0.772663  2.87839, -0.708134  2.882, -0.654308  2.83721, -0.583386  2.78943, -0.65013  2.78617, -0.698844
6  2.84322, -0.905499  2.90561, -0.844109  2.91577, -0.786149  2.87839, -0.708134  2.82408, -0.772663  2.81498, -0.824584
6  2.84192, -1.04772  2.91346, -0.991773  2.93263, -0.929959  2.90561, -0.844109  2.84322, -0.905499  2.82612, -0.96067
6  2.81768, -1.19433  2.89768, -1.14635  2.92721, -1.08406  2.91346, -0.991773  2.84192, -1.04772  2.81543, -1.1036
6  2.77176, -1.33978  2.85842, -1.30137  2.89718, -1.24202  2.89768, -1.14635  2.81768, -1.19433  2.78261, -1.24804
8  2.70495, -1.48123  2.75407, -1.47031  2.81867, -1.42774  2.83665, -1.40653  2.85063, -1.34657  2.85842, -1.30137  2.77176, -1.33978  2.72865, -1.3902
6  2.65403, -1.5276  2.63598, -1.56905  2.71273, -1.59374  2.7722, -1.51034  2.75407, -1.47031  2.70495, -1.48123
5  2.05942, 0.582335  2.05908, 0.640074  2.03859, 0.676721  1.97065, 0.627788  2.02575, 0.539859
9  2.07452, 0.382754  2.11306, 0.458079  2.10891, 0.511786  2.05942, 0.582335  2.02575, 0.539859  2.01603, 0.524376  2.0156, 0.481719  2.01626, 0.447551  2.03402, 0.4185
6  2.13797, 0.267594  2.17328, 0.342604  2.16659, 0.39327  2.11306, 0.458079  2.07452, 0.382754  2.08154, 0.329645
6  2.20463, 0.158997  2.23781, 0.233633  2.22948, 0.282084  2.17328, 0.342604  2.13797, 0.267594  2.14658, 0.217458
6  2.27294, 0.0551525  2.30495, 0.129294  2.29568, 0.176148  2.23781, 0.233633  2.20463, 0.158997  2.21409, 0.111151
6  2.34162, -0.0454053  2.37334, 0.0280652  2.3637, 0.0737731  2.30495, 0.129294  2.27294, 0.0551525  2.28265, 0.009105
6  2.40951, -0.143902  2.44178, -0.0713362  2.4323, -0.0264278  2.37334, 0.0280652  2.34162, -0.0454053  2.35104, -0.0900244
6  2.47558, -0.24141  2.5092, -0.170025  2.50035, -0.125643  2.44178, -0.0713362  2.40951, -0.143902  2.41818, -0.187359
6  2.53871, -0.338987  2.57449, -0.269092  2.56675, -0.22496  2.5092, -0.170025  2.47558, -0.24141  2.48303, -0.283932
6  2.59769, -0.437865  2.63649, -0.369784  2.63037, -0.325523  2.57449, -0.269092  2.53871, -0.338987  2.54449, -0.380871
6  2.65105, -0.53957  2.69378, -0.473642  2.68988, -0.428708  2.63649, -0.369784  2.59769, -0.437865  2.6013, -0.479556
6  2.69686, -0.645984  2.74453, -0.582586  2.74365, -0.536222  2.69378, -0.473642  2.65105, -0.53957  2.65186, -0.581728
6  2.73238, -0.759224  2.78617, -0.698844  2.78943, -0.65013  2.74453, -0.582586  2.69686, -0.645984  2.69394, -0.689477
6  2.7538, -0.881099  2.81498, -0.824584  2.82408, -0.772663  2.78617, -0.698844  2.73238, -0.759224  2.72437, -0.804973
6  2.75659, -1.01145  2.82612, -0.96067  2.84322, -0.905499  2.81498, -0.824584  2.7538, -0.881099  2.73879, -0.929486
6  2.73815, -1.14669  2.81543, -1.1036  2.84192, -1.04772  2.82612, -0.96067  2.75659, -1.01145  2.73321, -1.06078
6  2.69916, -1.28213  2.78261, -1.24804  2.81768, -1.19433  2.81543, -1.1036  2.73815, -1.14669  2.70682, -1.19467
6  2.64021, -1.41489  2.72865, -1.3902  2.77176, -1.33978  2.78261, -1.24804  2.69916, -1.28213  2.66029, -1.3276
6  2.56141, -1.5426  2.65403, -1.5276  2.70495, -1.48123  2.72865, -1.3902  2.64021, -1.41489  2.59398, -1.45699
7  2.46241, -1.66285  2.50845, -1.66026  2.60946, -1.63941  2.63598, -1.56905  2.65403, -1.5276  2.56141, -1.5426  2.50779, -1.58047
6  2.40109, -1.69546  2.37306, -1.73092  2.43521, -1.77045  2.51567, -1.70899  2.50845, -1.66026  2.46241, -1.66285
5  1.97024, 0.435404  2.01626, 0.447551  2.0156, 0.481719  1.96914, 0.480609  1.97248, 0.473416
6  2.04645, 0.253095  2.08154, 0.329645  2.07452, 0.382754  2.03402, 0.4185  1.98578, 0.354188  2.01883, 0.283742
6  2.11358, 0.141841  2.14658, 0.217458  2.13797, 0.267594  2.08154, 0.329645  2.04645, 0.253095  2.05536, 0.201284
6  2.18219, 0.0365307  2.21409, 0.111151  2.20463, 0.158997  2.14658, 0.217458  2.11358, 0.141841  2.12324, 0.0930077
6  2.25093, -0.0643825  2.28265, 0.009105  2.27294, 0.0551525  2.21409, 0.111151  2.18219, 0.0365307  2.19196, -0.00985524
6  2.31869, -0.162161  2.35104, -0.0900244  2.34162, -0.0454053  2.28265, 0.009105  2.25093, -0.0643825  2.2603, -0.108711
6  2.3844, -0.257861  2.41818, -0.187359  2.40951, -0.143902  2.35104, -0.0900244  2.31869, -0.162161  2.32717, -0.204688
6  2.44704, -0.352453  2.48303, -0.283932  2.47558, -0.24141  2.41818, -0.187359  2.3844, -0.257861  2.39157, -0.298758
6  2.50549, -0.447029  2.54449, -0.380871  2.53871, -0.338987  2.48303, -0.283932  2.44704, -0.352453  2.45249, -0.391929
6  2.55846, -0.542939  2.6013, -0.479556  2.59769, -0.437865  2.54449, -0.380871  2.50549, -0.447029  2.50881, -0.48542
6  2.60429, -0.641876  2.65186, -0.581728  2.65105, -0.53957  2.6013, -0.479556  2.55846, -0.542939  2.55918, -0.580795
6  2.64067, -0.745843  2.69394, -0.689477  2.69686, -0.645984  2.65186, -0.581728  2.60429, -0.641876  2.60173, -0.680009
6  2.66435, -0.856777  2.72437, -0.804973  2.73238, -0.759224  2.69394, -0.689477  2.64067, -0.745843  2.63377, -0.785242
6  2.67123, -0.97526  2.73879, -0.929486  2.7538, -0.881099  2.72437, -0.804973  2.66435, -0.856777  2.65151, -0.89819
6  2.65858, -1.09911  2.73321, -1.06078  2.75659, -1.01145  2.73879, -0.929486  2.67123, -0.97526  2.65102, -1.01789
6  2.62653, -1.22453  2.70682, -1.19467  2.73815, -1.14669  2.73321, -1.06078  2.65858, -1.09911  2.63107, -1.14124
6  2.57543, -1.34859  2.66029, -1.3276  2.69916, -1.28213  2.70682, -1.19467  2.62653, -1.22453  2.59197, -1.26496
6  2.50539, -1.46875  2.59398, -1.45699  2.64021, -1.41489  2.66029, -1.3276  2.57543, -1.34859  2.53397, -1.38635
6  2.41612, -1.58254  2.50779, -1.58047  2.56141, -1.5426  2.59398, -1.45699  2.50539, -1.46875  2.45702, -1.50292
6  2.30686, -1.68711  2.40109, -1.69546  2.46241, -1.66285  2.50779, -1.58047  2.41612, -1.58254  2.36061, -1.61207
7  2.20262, -1.77426  2.22212, -1.78684  2.32277, -1.79536  2.37306, -1.73092  2.40109, -1.69546  2.30686, -1.68711  2.24379, -1.71065
5  2.20262, -1.77426  2.10093, -1.80939  2.11703, -1.86755  2.206, -1.8375  2.22212, -1.78684
6  2.05536, 0.201284  2.04645, 0.253095  2.01883, 0.283742  1.98934, 0.263725  1.98531, 0.181338  2.0393, 0.162848
7  2.09143, 0.017908  2.12324, 0.0930077  2.11358, 0.141841  2.05536, 0.201284  2.0393, 0.162848  2.02339, 0.102307  2.06164, 0.0456616
6  2.16026, -0.0833589  2.19196, -0.00985524  2.18219, 0.0365307  2.12324, 0.0930077  2.09143, 0.017908  2.10128, -0.0288153
6  2.22786, -0.180419  2.2603, -0.108711  2.25093, -0.0643825  2.19196, -0.00985524  2.16026, -0.0833589  2.16955, -0.127396
6  2.29323, -0.274312  2.32717, -0.204688  2.31869, -0.162161  2.2603, -0.108711  2.22786, -0.180419  2.23615, -0.22201
6  2.35538, -0.365923  2.39157, -0.298758  2.3844, -0.257861  2.32717, -0.204688  2.29323, -0.274312  2.30011, -0.313569
6  2.41329, -0.456205  2.45249, -0.391929  2.44704, -0.352453  2.39157, -0.298758  2.35538, -0.365923  2.36049, -0.402957
6  2.46586, -0.546329  2.50881, -0.48542  2.50549, -0.447029  2.45249, -0.391929  2.41329, -0.456205  2.41633, -0.491227
6  2.51171, -0.63781  2.55918, -0.580795  2.55846, -0.542939  2.50881, -0.48542  2.46586, -0.546329  2.4665, -0.579765
6  2.54895, -0.732534  2.60173, -0.680009  2.60429, -0.641876  2.55918, -0.580795  2.51171, -0.63781  2.50952, -0.670401
6  2.57486, -0.83256  2.63377, -0.785242  2.64067, -0.745843  2.60173, -0.680009  2.54895, -0.732534  2.5432, -0.765343
6  2.5858, -0.939191  2.65151, -0.89819  2.66435, -0.856777  2.63377, -0.785242  2.57486, -0.83256  2.56427, -0.866734
6  2.57895, -1.05162  2.65102, -1.01789  2.67123, -0.97526  2.65151, -0.89819  2.5858, -0.939191  2.56887, -0.9749
6  2.55384, -1.167  2.63107, -1.14124  2.65858, -1.09911  2.65102, -1.01789  2.57895, -1.05162  2.55537, -1.08773
6  2.5106, -1.28233  2.59197, -1.26496  2.62653, -1.22453  2.63107, -1.14124  2.55384, -1.167  2.52369, -1.20226
6  2.44932, -1.39494  2.53397, -1.38635  2.57543, -1.34859  2.59197, -1.26496  2.5106, -1.28233  2.47401, -1.31565
6  2.36979, -1.50226  2.45702, -1.50292  2.50539, -1.46875  2.53397, -1.38635  2.44932, -1.39494  2.4063, -1.42533
6  2.2714, -1.60146  2.36061, -1.61207  2.41612, -1.58254  2.45702, -1.50292  2.36979, -1.50226  2.32018, -1.52865
6  2.15319, -1.68912  2.24379, -1.71065  2.30686, -1.68711  2.36061, -1.61207  2.2714, -1.60146  2.21487, -1.62256
7  2.01444, -1.76065  2.06863, -1.79961  2.10093, -1.80939  2.20262, -1.77426  2.24379, -1.71065  2.15319, -1.68912  2.08934, -1.70318
5  1.94363, -1.76529  1.89528, -1.81031  1.99043, -1.87067  2.06863, -1.79961  2.01444, -1.76065
4  1.78821, -1.81549  1.78485, -1.86544  1.84323, -1.87072  1.84876, -1.82219
6  2.10128, -0.0288153  2.09143, 0.017908  2.06164, 0.0456616  2.02685, 0.011325  2.03408, -0.0468907  2.07727, -0.0720188
8  2.13703, -0.198676  2.16955, -0.127396  2.16026, -0.0833589  2.10128, -0.0288153  2.07727, -0.0720188  2.07132, -0.112487  2.07485, -0.13802  2.09172, -0.16969
6  2.20206, -0.290763  2.23615, -0.22201  2.22786, -0.180419  2.16955, -0.127396  2.13703, -0.198676  2.14514, -0.239326
6  2.26372, -0.379397  2.30011, -0.313569  2.29323, -0.274312  2.23615, -0.22201  2.20206, -0.290763  2.20865, -0.328363
6  2.3211, -0.465391  2.36049, -0.402957  2.35538, -0.365923  2.30011, -0.313569  2.26372, -0.379397  2.26849, -0.413947
6  2.37327, -0.549745  2.41633, -0.491227  2.41329, -0.456205  2.36049, -0.402957  2.3211, -0.465391  2.32384, -0.496962
6  2.41913, -0.633795  2.4665, -0.579765  2.46586, -0.546329  2.41633, -0.491227  2.37327, -0.549745  2.37382, -0.578611
6  2.45722, -0.719315  2.50952, -0.670401  2.51171, -0.63781  2.4665, -0.579765  2.41913, -0.633795  2.41733, -0.6606
6  2.48534, -0.808486  2.5432, -0.765343  2.54895, -0.732534  2.50952, -0.670401  2.45722, -0.719315  2.45268, -0.745192
6  2.50029, -0.903298  2.56427, -0.866734  2.57486, -0.83256  2.5432, -0.765343  2.48534, -0.808486  2.4771, -0.835034
6  2.49923, -1.00426  2.56887, -0.9749  2.5858, -0.939191  2.56427, -0.866734  2.50029, -0.903298  2.4868, -0.931757
6  2.48107, -1.10955  2.55537, -1.08773  2.57895, -1.05162  2.56887, -0.9749  2.49923, -1.00426  2.47973, -1.03412
6  2.44571, -1.21613  2.52369, -1.20226  2.55384, -1.167  2.55537, -1.08773  2.48107, -1.10955  2.45548, -1.13948
6  2.39319, -1.32117  2.47401, -1.31565  2.5106, -1.28233  2.52369, -1.20226  2.44571, -1.21613  2.41411, -1.2449
6  2.3234, -1.42201  2.4063, -1.42533  2.44932, -1.39494  2.47401, -1.31565  2.39319, -1.32117  2.35564, -1.34769
6  2.23588, -1.51584  2.32018, -1.52865  2.36979, -1.50226  2.4063, -1.42533  2.3234, -1.42201  2.27982, -1.44519
6  2.12985, -1.5994  2.21487, -1.62256  2.2714, -1.60146  2.32018, -1.52865  2.23588, -1.51584  2.18602, -1.53445
6  2.00462, -1.66846  2.08934, -1.70318  2.15319, -1.68912  2.21487, -1.62256  2.12985, -1.5994  2.07335, -1.61184
6  1.86162, -1.71776  1.94363, -1.76529  2.01444, -1.76065  2.08934, -1.70318  2.00462, -1.66846  1.94172, -1.67258
8  1.70655, -1.74339  1.74494, -1.79427  1.78821, -1.81549  1.84876, -1.82219  1.89528, -1.81031  1.94363, -1.76529  1.86162, -1.71776  1.79508, -1.71149
5  1.63985, -1.72684  1.58357, -1.75161  1.64445, -1.83616  1.74494, -1.79427  1.70655, -1.74339
4  1.4801, -1.72808  1.43842, -1.76058  1.53324, -1.81432  1.53346, -1.75098
5  2.0303, -0.153169  2.07485, -0.13802  2.07132, -0.112487  2.02524, -0.116367  2.02923, -0.135445
7  2.11089, -0.307214  2.14514, -0.239326  2.13703, -0.198676  2.09172, -0.16969  2.06385, -0.217554  2.0699, -0.254601  2.08243, -0.282747
6  2.17206, -0.392874  2.20865, -0.328363  2.20206, -0.290763  2.14514, -0.239326  2.11089, -0.307214  2.11719, -0.343138
6  2.22891, -0.474589  2.26849, -0.413947  2.26372, -0.379397  2.20865, -0.328363  2.17206, -0.392874  2.17648, -0.424895
6  2.28068, -0.553188  2.32384, -0.496962  2.3211, -0.465391  2.26849, -0.413947  2.22891, -0.474589  2.23134, -0.502608
6  2.32655, -0.629838  2.37382, -0.578611  2.37327, -0.549745  2.32384, -0.496962  2.28068, -0.553188  2.28114, -0.577285
6  2.36546, -0.706212  2.41733, -0.6606  2.41913, -0.633795  2.37382, -0.578611  2.32655, -0.629838  2.32516, -0.650512
6  2.39575, -0.78462  2.45268, -0.745192  2.45722, -0.719315  2.41733, -0.6606  2.36546, -0.706212  2.36223, -0.724646
6  2.41466, -0.867676  2.4771, -0.835034  2.48534, -0.808486  2.45268, -0.745192  2.39575, -0.78462  2.39006, -0.802944
6  2.4194, -0.957075  2.4868, -0.931757  2.50029, -0.903298  2.4771, -0.835034  2.41466, -0.867676  2.40484, -0.888394
6  2.40821, -1.05222  2.47973, -1.03412  2.49923, -1.00426  2.4868, -0.931757  2.4194, -0.957075  2.40419, -0.980367
6  2.38072, -1.15001  2.45548, -1.13948  2.48107, -1.10955  2.47973, -1.03412  2.40821, -1.05222  2.38737, -1.07659
6  2.33697, -1.24746  2.41411, -1.2449  2.44571, -1.21613  2.45548, -1.13948  2.38072, -1.15001  2.35431, -1.17407
6  2.27692, -1.3418  2.35564, -1.34769  2.39319, -1.32117  2.41411, -1.2449  2.33697, -1.24746  2.30508, -1.26999
6  2.20029, -1.43025  2.27982, -1.44519  2.3234, -1.42201  2.35564, -1.34769  2.27692, -1.3418  2.23955, -1.36168
6  2.10643, -1.5097  2.18602, -1.53445  2.23588, -1.51584  2.27982, -1.44519  2.20029, -1.43025  2.15726, -1.4463
6  1.99473, -1.57627  2.07335, -1.61184  2.12985, -1.5994  2.18602, -1.53445  2.10643, -1.5097  2.05746, -1.52049
6  1.86611, -1.62513  1.94172, -1.67258  2.00462, -1.66846  2.07335, -1.61184  1.99473, -1.57627  1.93989, -1.57986
6  1.72504, -1.65253  1.79508, -1.71149  1.86162, -1.71776  1.94172, -1.67258  1.86611, -1.62513  1.80749, -1.61961
6  1.57733, -1.65792  1.63985, -1.72684  1.70655, -1.74339  1.79508, -1.71149  1.72504, -1.65253  1.66548, -1.63775
8  1.42651, -1.64156  1.44893, -1.70016  1.4801, -1.72808  1.53346, -1.75098  1.58357, -1.75161  1.63985, -1.72684  1.57733, -1.65792  1.51829, -1.63421
5  1.36895, -1.60919  1.31341, -1.61529  1.33999, -1.70908  1.44893, -1.70016  1.42651, -1.64156
4  1.21633, -1.56688  1.16875, -1.58834  1.24362, -1.65853  1.26132, -1.60231
5  2.11719, -0.343138  2.11089, -0.307214  2.08243, -0.282747  2.05174, -0.340412  2.0988, -0.376772
7  2.13672, -0.483796  2.17648, -0.424895  2.17206, -0.392874  2.11719, -0.343138  2.0988, -0.376772  2.09124, -0.409805  2.09816, -0.44585
6  2.18809, -0.556655  2.23134, -0.502608  2.22891, -0.474589  2.17648, -0.424895  2.13672, -0.483796  2.13883, -0.508139
6  2.23396, -0.625941  2.28114, -0.577285  2.28068, -0.553188  2.23134, -0.502608  2.18809, -0.556655  2.18845, -0.575721
6  2.27368, -0.693254  2.32516, -0.650512  2.32655, -0.629838  2.28114, -0.577285  2.23396, -0.625941  2.23302, -0.63998
6  2.30606, -0.761065  2.36223, -0.724646  2.36546, -0.706212  2.32516, -0.650512  2.27368, -0.693254  2.2719, -0.703418
6  2.32881, -0.832508  2.39006, -0.802944  2.39575, -0.78462  2.36223, -0.724646  2.30606, -0.761065  2.30324, -0.770158
6  2.33938, -0.910183  2.40484, -0.888394  2.41466, -0.867676  2.39006, -0.802944  2.32881, -0.832508  2.32304, -0.844684
6  2.33519, -0.995067  2.40419, -0.980367  2.4194, -0.957075  2.40484, -0.888394  2.33938, -0.910183  2.3288, -0.926394
6  2.31561, -1.08401  2.38737, -1.07659  2.40821, -1.05222  2.40419, -0.980367  2.33519, -0.995067  2.31938, -1.01355
6  2.28064, -1.17383  2.35431, -1.17407  2.38072, -1.15001  2.38737, -1.07659  2.31561, -1.08401  2.29463, -1.10312
6  2.23035, -1.26164  2.30508, -1.26999  2.33697, -1.24746  2.35431, -1.17407  2.28064, -1.17383  2.25464, -1.1922
6  2.16459, -1.34469  2.23955, -1.36168  2.27692, -1.3418  2.30508, -1.26999  2.23035, -1.26164  2.19941, -1.2781
6  2.08291, -1.42002  2.15726, -1.4463  2.20029, -1.43025  2.23955, -1.36168  2.16459, -1.34469  2.12863, -1.35811
6  1.98473, -1.48409  2.05746, -1.52049  2.10643, -1.5097  2.15726, -1.4463  2.08291, -1.42002  2.0417, -1.4291
6  1.8705, -1.5325  1.93989, -1.57986  1.99473, -1.57627  2.05746, -1.52049  1.98473, -1.48409  1.93818, -1.48714
6  1.74344, -1.56165  1.80749, -1.61961  1.86611, -1.62513  1.93989, -1.57986  1.8705, -1.5325  1.81997, -1.52774
6  1.60843, -1.57058  1.66548, -1.63775  1.72504, -1.65253  1.80749, -1.61961  1.74344, -1.56165  1.69118, -1.54868
6  1.46893, -1.55913  1.51829, -1.63421  1.57733, -1.65792  1.66548, -1.63775  1.60843, -1.57058  1.55585, -1.54947
6  1.32775, -1.52727  1.36895, -1.60919  1.42651, -1.64156  1.51829, -1.63421  1.46893, -1.55913  1.41711, -1.53
8  1.18731, -1.47468  1.19526, -1.53514  1.21633, -1.56688  1.26132, -1.60231  1.31341, -1.61529  1.36895, -1.60919  1.32775, -1.52727  1.27759, -1.49011
5  1.13969, -1.4293  1.09129, -1.41839  1.08446, -1.51298  1.19526, -1.53514  1.18731, -1.47468
3  1.0181, -1.36835  1.00691, -1.4373  1.04426, -1.40152
6  2.13883, -0.508139  2.13672, -0.483796  2.09816, -0.44585  2.07567, -0.467425  2.06766, -0.51003  2.10511, -0.546119
7  2.14137, -0.622099  2.18845, -0.575721  2.18809, -0.556655  2.13883, -0.508139  2.10511, -0.546119  2.10025, -0.562528  2.10171, -0.580881
6  2.18165, -0.681704  2.23302, -0.63998  2.23396, -0.625941  2.18845, -0.575721  2.14137, -0.622099  2.14093, -0.628698
7  2.21833, -0.737688  2.2719, -0.703418  2.27368, -0.693254  2.23302, -0.63998  2.18165, -0.681704  2.18116, -0.684542  2.21358, -0.736232
5  2.24256, -0.798183  2.30324, -0.770158  2.30606, -0.761065  2.2719, -0.703418  2.21833, -0.737688
6  2.25904, -0.86378  2.32304, -0.844684  2.32881, -0.832508  2.30324, -0.770158  2.24256, -0.798183  2.24152, -0.800377
6  2.26193, -0.938198  2.3288, -0.926394  2.33938, -0.910183  2.32304, -0.844684  2.25904, -0.86378  2.25362, -0.872078
6  2.2503, -1.01819  2.31938, -1.01355  2.33519, -0.995067  2.3288, -0.926394  2.26193, -0.938198  2.25159, -0.950283
6  2.22415, -1.10032  2.29463, -1.10312  2.31561, -1.08401  2.31938, -1.01355  2.2503, -1.01819  2.23514, -1.032
6  2.18362, -1.18157  2.25464, -1.1922  2.28064, -1.17383  2.29463, -1.10312  2.22415, -1.10032  2.20439, -1.11427
6  2.12874, -1.25919  2.19941, -1.2781  2.23035, -1.26164  2.25464, -1.1922  2.18362, -1.18157  2.15946, -1.19442
6  2.05924, -1.33037  2.12863, -1.35811  2.16459, -1.34469  2.19941, -1.2781  2.12874, -1.25919  2.1002, -1.26984
6  1.97459, -1.39192  2.0417, -1.4291  2.08291, -1.42002  2.12863, -1.35811  2.05924, -1.33037  2.02613, -1.33767
6  1.87475, -1.43985  1.93818, -1.48714  1.98473, -1.48409  2.0417, -1.4291  1.97459, -1.39192  1.93665, -1.3944
6  1.76174, -1.47074  1.81997, -1.52774  1.8705, -1.5325  1.93818, -1.48714  1.87475, -1.43985  1.83258, -1.43588
6  1.63944, -1.4832  1.69118, -1.54868  1.74344, -1.56165  1.81997, -1.52774  1.76174, -1.47074  1.71696, -1.45963
6  1.5113, -1.47668  1.55585, -1.54947  1.60843, -1.57058  1.69118, -1.54868  1.63944, -1.4832  1.59347, -1.46475
6  1.38026, -1.45088  1.41711, -1.53  1.46893, -1.55913  1.55585, -1.54947  1.5113, -1.47668  1.46532, -1.45083
6  1.24892, -1.40543  1.27759, -1.49011  1.32775, -1.52727  1.41711, -1.53  1.38026, -1.45088  1.3353, -1.41757
6  1.11978, -1.33961  1.13969, -1.4293  1.18731, -1.47468  1.27759, -1.49011  1.24892, -1.40543  1.20594, -1.36447
9  0.995542, -1.25222  0.990575, -1.31076  0.995666, -1.3371  1.0181, -1.36835  1.04426, -1.40152  1.09129, -1.41839  1.13969, -1.4293  1.11978, -1.33961  1.07981, -1.2906
5  0.959855, -1.19457  0.923136, -1.16947  0.88368, -1.25608  0.990575, -1.31076  0.995542, -1.25222
5  0.838855, -1.16829  0.875443, -1.13674  0.86366, -1.11019  0.815687, -1.11685  0.822845, -1.12802
7  2.09971, -0.665162  2.14093, -0.628698  2.14137, -0.622099  2.10171, -0.580881  2.07728, -0.603499  2.07191, -0.630749  2.08315, -0.662435
6  2.13951, -0.712444  2.18116, -0.684542  2.18165, -0.681704  2.14093, -0.628698  2.09971, -0.665162  2.1158, -0.70529
5  2.16608, -0.763665  2.21358, -0.736232  2.18116, -0.684542  2.13951, -0.712444  2.14938, -0.75571
7  2.17952, -0.818386  2.24152, -0.800377  2.24256, -0.798183  2.21833, -0.737688  2.21358, -0.736232  2.16608, -0.763665  2.17601, -0.816083
5  2.18826, -0.881806  2.25362, -0.872078  2.25904, -0.86378  2.24152, -0.800377  2.17952, -0.818386
6  2.18469, -0.952644  2.25159, -0.950283  2.26193, -0.938198  2.25362, -0.872078  2.18826, -0.881806  2.18413, -0.886634
6  2.1674, -1.02698  2.23514, -1.032  2.2503, -1.01819  2.25159, -0.950283  2.18469, -0.952644  2.17595, -0.960609
6  2.13667, -1.10162  2.20439, -1.11427  2.22415, -1.10032  2.23514, -1.032  2.1674, -1.02698  2.15443, -1.03615
6  2.09269, -1.17376  2.15946, -1.19442  2.18362, -1.18157  2.20439, -1.11427  2.13667, -1.10162  2.1198, -1.11059
6  2.03537, -1.24077  2.1002, -1.26984  2.12874, -1.25919  2.15946, -1.19442  2.09269, -1.17376  2.07208, -1.18146
6  1.96423, -1.29976  2.02613, -1.33767  2.05924, -1.33037  2.1002, -1.26984  2.03537, -1.24077  2.01087, -1.24617
6  1.87879, -1.34718  1.93665, -1.3944  1.97459, -1.39192  2.02613, -1.33767  1.96423, -1.29976  1.93538, -1.30165
6  1.77988, -1.3798  1.83258, -1.43588  1.87475, -1.43985  1.93665, -1.3944  1.87879, -1.34718  1.84535, -1.34403
6  1.67035, -1.39579  1.71696, -1.45963  1.76174, -1.47074  1.83258, -1.43588  1.77988, -1.3798  1.74286, -1.37061
6  1.5536, -1.39418  1.59347, -1.46475  1.63944, -1.4832  1.71696, -1.45963  1.67035, -1.39579  1.63118, -1.38006
6  1.43272, -1.37446  1.46532, -1.45083  1.5113, -1.47668  1.59347, -1.46475  1.5536, -1.39418  1.5136, -1.37169
6  1.3105, -1.33615  1.3353, -1.41757  1.38026, -1.45088  1.46532, -1.45083  1.43272, -1.37446  1.39306, -1.34507
6  1.18955, -1.27858  1.20594, -1.36447  1.24892, -1.40543  1.3353, -1.41757  1.3105, -1.33615  1.27224, -1.29968
6  1.0726, -1.2007  1.07981, -1.2906  1.11978, -1.33961  1.20594, -1.36447  1.18955, -1.27858  1.15375, -1.23469
6  0.963003, -1.10134  0.959855, -1.19457  0.995542, -1.25222  1.07981, -1.2906  1.0726, -1.2007  1.04052, -1.14887
8  0.865523, -0.98124  0.848257, -1.03408  0.86366, -1.11019  0.875443, -1.13674  0.923136, -1.16947  0.959855, -1.19457  0.963003, -1.10134  0.936498, -1.0415
6  0.847076, -0.9161  0.818083, -0.881814  0.759514, -0.945242  0.809899, -1.03267  0.848257, -1.03408  0.865523, -0.98124
9  2.08954, -0.727759  2.1158, -0.70529  2.09971, -0.665162  2.08315, -0.662435  2.06662, -0.673991  2.06468, -0.681297  2.05971, -0.69484  2.05831, -0.698346  2.05806, -0.712672
6  2.11002, -0.773426  2.14938, -0.75571  2.13951, -0.712444  2.1158, -0.70529  2.08954, -0.727759  2.09057, -0.760633
6  2.11899, -0.827133  2.17601, -0.816083  2.16608, -0.763665  2.14938, -0.75571  2.11002, -0.773426  2.11181, -0.820986
6  2.11855, -0.887578  2.18413, -0.886634  2.18826, -0.881806  2.17952, -0.818386  2.17601, -0.816083  2.11899, -0.827133
6  2.11025, -0.953931  2.17595, -0.960609  2.18469, -0.952644  2.18413, -0.886634  2.11855, -0.887578  2.11726, -0.888759
6  2.08937, -1.02185  2.15443, -1.03615  2.1674, -1.02698  2.17595, -0.960609  2.11025, -0.953931  2.10495, -0.957674
6  2.0563, -1.08846  2.1198, -1.11059  2.13667, -1.10162  2.15443, -1.03615  2.08937, -1.02185  2.08065, -1.02649
6  2.01117, -1.15125  2.07208, -1.18146  2.09269, -1.17376  2.1198, -1.11059  2.0563, -1.08846  2.04447, -1.09288
6  1.95353, -1.20762  2.01087, -1.24617  2.03537, -1.24077  2.07208, -1.18146  2.01117, -1.15125  1.99613, -1.15456
6  1.88248, -1.25448  1.93538, -1.30165  1.96423, -1.29976  2.01087, -1.24617  1.95353, -1.20762  1.93455, -1.20886
6  1.79779, -1.28879  1.84535, -1.34403  1.87879, -1.34718  1.93538, -1.30165  1.88248, -1.25448  1.85838, -1.25221
6  1.70111, -1.30831  1.74286, -1.37061  1.77988, -1.3798  1.84535, -1.34403  1.79779, -1.28879  1.76893, -1.28163
6  1.59578, -1.31163  1.63118, -1.38006  1.67035, -1.39579  1.74286, -1.37061  1.70111, -1.30831  1.66902, -1.29543
6  1.4851, -1.29797  1.5136, -1.37169  1.5536, -1.39418  1.63118, -1.38006  1.59578, -1.31163  1.56197, -1.29261
6  1.37202, -1.26681  1.39306, -1.34507  1.43272, -1.37446  1.5136, -1.37169  1.4851, -1.29797  1.45089, -1.27263
6  1.25928, -1.2175  1.27224, -1.29968  1.3105, -1.33615  1.39306, -1.34507  1.37202, -1.26681  1.33859, -1.23495
6  1.14963, -1.14913  1.15375, -1.23469  1.18955, -1.27858  1.27224, -1.29968  1.25928, -1.2175  1.22775, -1.17885
6  1.04629, -1.06062  1.04052, -1.14887  1.0726, -1.2007  1.15375, -1.23469  1.14963, -1.14913  1.12122, -1.10323
6  0.953616, -0.952327  0.936498, -1.0415  0.963003, -1.10134  1.04052, -1.14887  1.04629, -1.06062  1.02269, -1.00734
6  0.875565, -0.828736  0.847076, -0.9161  0.865523, -0.98124  0.936498, -1.0415  0.953616, -0.952327  0.937016, -0.893711
7  0.812544, -0.696602  0.787872, -0.73852  0.771429, -0.835211  0.818083, -0.881814  0.847076, -0.9161  0.875565, -0.828736  0.866254, -0.768143
6  0.80951, -0.635777  0.787334, -0.598535  0.725317, -0.638827  0.747835, -0.726911  0.787872, -0.73852  0.812544, -0.696602
4  2.05806, -0.712672  2.05831, -0.698346  2.03357, -0.696631  2.04791, -0.720048
9  2.05506, -0.772765  2.09057, -0.760633  2.08954, -0.727759  2.05806, -0.712672  2.04791, -0.720048  2.04543, -0.723225  2.04152, -0.729023  2.03706, -0.736344  2.03423, -0.754875
6  2.06108, -0.825843  2.11181, -0.820986  2.11002, -0.773426  2.09057, -0.760633  2.05506, -0.772765  2.04934, -0.812949
7  2.05672, -0.883437  2.11726, -0.888759  2.11855, -0.887578  2.11899, -0.827133  2.11181, -0.820986  2.06108, -0.825843  2.05161, -0.876215
6  2.04238, -0.943027  2.10495, -0.957674  2.11025, -0.953931  2.11726, -0.888759  2.05672, -0.883437  2.04055, -0.939602
5  2.01932, -1.00338  2.08065, -1.02649  2.08937, -1.02185  2.10495, -0.957674  2.04238, -0.943027
6  1.98643, -1.06184  2.04447, -1.09288  2.0563, -1.08846  2.08065, -1.02649  2.01932, -1.00338  2.01769, -1.00399
6  1.94224, -1.11552  1.99613, -1.15456  2.01117, -1.15125  2.04447, -1.09288  1.98643, -1.06184  1.98238, -1.06273
6  1.88556, -1.16172  1.93455, -1.20886  1.95353, -1.20762  1.99613, -1.15456  1.94224, -1.11552  1.93456, -1.11603
6  1.81532, -1.1977  1.85838, -1.25221  1.88248, -1.25448  1.93455, -1.20886  1.88556, -1.16172  1.87182, -1.16043
6  1.73163, -1.22074  1.76893, -1.28163  1.79779, -1.28879  1.85838, -1.25221  1.81532, -1.1977  1.79525, -1.19272
6  1.63782, -1.22899  1.66902, -1.29543  1.70111, -1.30831  1.76893, -1.28163  1.73163, -1.22074  1.70702, -1.21086
6  1.53738, -1.22141  1.56197, -1.29261  1.59578, -1.31163  1.66902, -1.29543  1.63782, -1.22899  1.61046, -1.2136
6  1.43346, -1.1974  1.45089, -1.27263  1.4851, -1.29797  1.56197, -1.29261  1.53738, -1.22141  1.50882, -1.20025
6  1.32895, -1.15636  1.33859, -1.23495  1.37202, -1.26681  1.45089, -1.27263  1.43346, -1.1974  1.40502, -1.17029
6  1.22662, -1.09749  1.22775, -1.17885  1.25928, -1.2175  1.33859, -1.23495  1.32895, -1.15636  1.3018, -1.12307
6  1.12954, -1.01984  1.12122, -1.10323  1.14963, -1.14913  1.22775, -1.17885  1.22662, -1.09749  1.20197, -1.05767
6  1.04169, -0.923343  1.02269, -1.00734  1.04629, -1.06062  1.12122, -1.10323  1.12954, -1.01984  1.10891, -0.97326
6  0.966601, -0.81124  0.937016, -0.893711  0.953616, -0.952327  1.02269, -1.00734  1.04169, -0.923343  1.02697, -0.871372
6  0.904921, -0.689078  0.866254, -0.768143  0.875565, -0.828736  0.937016, -0.893711  0.966601, -0.81124  0.958184, -0.756466
6  0.855321, -0.560723  0.80951, -0.635777  0.812544, -0.696602  0.866254, -0.768143  0.904921, -0.689078  0.902127, -0.63306
7  0.81576, -0.429119  0.789911, -0.463325  0.755567, -0.543651  0.787334, -0.598535  0.80951, -0.635777  0.855321, -0.560723  0.857155, -0.50457
6  0.821151, -0.373642  0.803196, -0.3354  0.746025, -0.362674  0.749975, -0.442533  0.789911, -0.463325  0.81576, -0.429119
4  2.03423, -0.754875  2.03706, -0.736344  2.01158, -0.730001  2.01658, -0.760118
9  2.00839, -0.814787  2.04934, -0.812949  2.05506, -0.772765  2.03423, -0.754875  2.01658, -0.760118  2.01367, -0.762714  2.00667, -0.769425  1.99808, -0.777854  1.9935, -0.793795
6  2.00369, -0.869673  2.05161, -0.876215  2.06108, -0.825843  2.04934, -0.812949  2.00839, -0.814787  1.9931, -0.849925
6  1.9899, -0.925302  2.04055, -0.939602  2.05672, -0.883437  2.05161, -0.876215  2.00369, -0.869673  1.98304, -0.907165
7  1.96686, -0.97935  2.01769, -1.00399  2.01932, -1.00338  2.04238, -0.943027  2.04055, -0.939602  1.9899, -0.925302  1.96319, -0.963043
6  1.93322, -1.02862  1.98238, -1.06273  1.98643, -1.06184  2.01769, -1.00399  1.96686, -0.97935  1.93245, -1.0172
5  1.88753, -1.06886  1.93456, -1.11603  1.94224, -1.11552  1.98238, -1.06273  1.93322, -1.02862
6  1.83219, -1.10643  1.87182, -1.16043  1.88556, -1.16172  1.93456, -1.11603  1.88753, -1.06886  1.88603, -1.06872
6  1.76178, -1.13302  1.79525, -1.19272  1.81532, -1.1977  1.87182, -1.16043  1.83219, -1.10643  1.82196, -1.1039
6  1.67963, -1.14622  1.70702, -1.21086  1.73163, -1.22074  1.79525, -1.19272  1.76178, -1.13302  1.74527, -1.12639
6  1.58951, -1.14474  1.61046, -1.2136  1.63782, -1.22899  1.70702, -1.21086  1.67963, -1.14622  1.65913, -1.13469
6  1.49481, -1.12789  1.50882, -1.20025  1.53738, -1.22141  1.61046, -1.2136  1.58951, -1.14474  1.56688, -1.12798
6  1.39854, -1.09512  1.40502, -1.17029  1.43346, -1.1974  1.50882, -1.20025  1.49481, -1.12789  1.47156, -1.10573
6  1.30355, -1.04577  1.3018, -1.12307  1.32895, -1.15636  1.40502, -1.17029  1.39854, -1.09512  1.37594, -1.06741
6  1.21275, -0.978962  1.20197, -1.05767  1.22662, -1.09749  1.3018, -1.12307  1.30355, -1.04577  1.28278, -1.01222
6  1.12973, -0.894265  1.10891, -0.97326  1.12954, -1.01984  1.20197, -1.05767  1.21275, -0.978962  1.19518, -0.939279
6  1.05763, -0.793672  1.02697, -0.871372  1.04169, -0.923343  1.10891, -0.97326  1.12973, -0.894265  1.11694, -0.849097
6  0.997296, -0.681504  0.958184, -0.756466  0.966601, -0.81124  1.02697, -0.871372  1.05763, -0.793672  1.05012, -0.744828
6  0.947988, -0.561346  0.902127, -0.63306  0.904921, -0.689078  0.958184, -0.756466  0.997296, -0.681504  0.994746, -0.630367
6  0.908146, -0.436193  0.857155, -0.50457  0.855321, -0.560723  0.902127, -0.63306  0.947988, -0.561346  0.949696, -0.509054
6  0.875852, -0.308482  0.821151, -0.373642  0.81576, -0.429119  0.857155, -0.50457  0.908146, -0.436193  0.913251, -0.383658
7  0.849074, -0.180238  0.8211, -0.210285  0.782861, -0.276892  0.803196, -0.3354  0.821151, -0.373642  0.875852, -0.308482  0.883446, -0.25646
6  0.858258, -0.12942  0.842332, -0.0911681  0.792644, -0.116452  0.786973, -0.177775  0.8211, -0.210285  0.849074, -0.180238
8  1.96075, -0.84569  1.9931, -0.849925  2.00839, -0.814787  1.9935, -0.793795  1.97097, -0.797233  1.96357, -0.80199  1.95484, -0.807944  1.94962, -0.816698
6  1.94945, -0.897282  1.98304, -0.907165  2.00369, -0.869673  1.9931, -0.849925  1.96075, -0.84569  1.94168, -0.86368
6  1.92825, -0.946095  1.96319, -0.963043  1.9899, -0.925302  1.98304, -0.907165  1.94945, -0.897282  1.926, -0.914164
6  1.89386, -0.986946  1.93245, -1.0172  1.96686, -0.97935  1.96319, -0.963043  1.92825, -0.946095  1.89603, -0.964822
7  1.84823, -1.01656  1.88603, -1.06872  1.88753, -1.06886  1.93322, -1.02862  1.93245, -1.0172  1.89386, -0.986946  1.84939, -1.01196
5  1.79128, -1.04504  1.82196, -1.1039  1.83219, -1.10643  1.88603, -1.06872  1.84823, -1.01656
6  1.72109, -1.06325  1.74527, -1.12639  1.76178, -1.13302  1.82196, -1.1039  1.79128, -1.04504  1.78392, -1.04208
6  1.64142, -1.06791  1.65913, -1.13469  1.67963, -1.14622  1.74527, -1.12639  1.72109, -1.06325  1.70807, -1.05593
6  1.556, -1.05824  1.56688, -1.12798  1.58951, -1.14474  1.65913, -1.13469  1.64142, -1.06791  1.62514, -1.05585
6  1.46803, -1.03375  1.47156, -1.10573  1.49481, -1.12789  1.56688, -1.12798  1.556, -1.05824  1.53825, -1.04132
6  1.3804, -0.993917  1.37594, -1.06741  1.39854, -1.09512  1.47156, -1.10573  1.46803, -1.03375  1.45021, -1.01189
6  1.29591, -0.937954  1.28278, -1.01222  1.30355, -1.04577  1.37594, -1.06741  1.3804, -0.993917  1.36369, -0.96693
6  1.21774, -0.865052  1.19518, -0.939279  1.21275, -0.978962  1.28278, -1.01222  1.29591, -0.937954  1.28151, -0.90544
6  1.14864, -0.776008  1.11694, -0.849097  1.12973, -0.894265  1.19518, -0.939279  1.21774, -0.865052  1.20694, -0.826905
6  1.08967, -0.673866  1.05012, -0.744828  1.05763, -0.793672  1.11694, -0.849097  1.14864, -0.776008  1.14206, -0.733238
6  1.04066, -0.56193  0.994746, -0.630367  0.997296, -0.681504  1.05012, -0.744828  1.08967, -0.673866  1.08737, -0.627701
6  1.00054, -0.443245  0.949696, -0.509054  0.947988, -0.561346  0.994746, -0.630367  1.04066, -0.56193  1.04224, -0.513553
6  0.96773, -0.320417  0.913251, -0.383658  0.908146, -0.436193  0.949696, -0.509054  1.00054, -0.443245  1.00535, -0.393682
6  0.940425, -0.195663  0.883446, -0.25646  0.875852, -0.308482  0.913251, -0.383658  0.96773, -0.320417  0.975009, -0.270549
6  0.91673, -0.0709475  0.858258, -0.12942  0.849074, -0.180238  0.883446, -0.25646  0.940425, -0.195663  0.949349, -0.146282
7  0.894758, 0.0518613  0.865499, 0.0245158  0.830349, -0.031602  0.842332, -0.0911681  0.858258, -0.12942  0.91673, -0.0709475  0.926474, -0.0228317
6  0.904515, 0.0978773  0.888735, 0.135165  0.848101, 0.105463  0.840084, 0.068045  0.865499, 0.0245158  0.894758, 0.0518613
9  1.92322, -0.859672  1.94168, -0.86368  1.96075, -0.84569  1.94962, -0.816698  1.93342, -0.816214  1.92909, -0.818483  1.92603, -0.820104  1.92393, -0.821548  1.91949, -0.824014
6  1.90116, -0.90277  1.926, -0.914164  1.94945, -0.897282  1.94168, -0.86368  1.92322, -0.859672  1.90519, -0.864469
6  1.86746, -0.936693  1.89603, -0.964822  1.92825, -0.946095  1.926, -0.914164  1.90116, -0.90277  1.87371, -0.91219
6  1.82023, -0.960632  1.84939, -1.01196  1.89386, -0.986946  1.89603, -0.964822  1.86746, -0.936693  1.82304, -0.953674
6  1.76191, -0.979927  1.78392, -1.04208  1.79128, -1.04504  1.84823, -1.01656  1.84939, -1.01196  1.82023, -0.960632
6  1.69298, -0.990813  1.70807, -1.05593  1.72109, -1.06325  1.78392, -1.04208  1.76191, -0.979927  1.75745, -0.977418
6  1.61697, -0.988371  1.62514, -1.05585  1.64142, -1.06791  1.70807, -1.05593  1.69298, -0.990813  1.68372, -0.983953
6  1.53737, -0.972188  1.53825, -1.04132  1.556, -1.05824  1.62514, -1.05585  1.61697, -0.988371  1.60518, -0.977138
6  1.45714, -0.941882  1.45021, -1.01189  1.46803, -1.03375  1.53825, -1.04132  1.53737, -0.972188  1.52466, -0.956613
6  1.37898, -0.896757  1.36369, -0.96693  1.3804, -0.993917  1.45021, -1.01189  1.45714, -0.941882  1.44475, -0.921875
6  1.30569, -0.835642  1.28151, -0.90544  1.29591, -0.937954  1.36369, -0.96693  1.37898, -0.896757  1.36793, -0.871814
6  1.23963, -0.75821  1.20694, -0.826905  1.21774, -0.865052  1.28151, -0.90544  1.30569, -0.835642  1.29697, -0.804824
6  1.18204, -0.666146  1.14206, -0.733238  1.14864, -0.776008  1.20694, -0.826905  1.23963, -0.75821  1.23402, -0.721707
6  1.13333, -0.562466  1.08737, -0.627701  1.08967, -0.673866  1.14206, -0.733238  1.18204, -0.666146  1.17999, -0.625066
6  1.09293, -0.450268  1.04224, -0.513553  1.04066, -0.56193  1.08737, -0.627701  1.13333, -0.562466  1.13478, -0.518068
6  1.05961, -0.332337  1.00535, -0.393682  1.00054, -0.443245  1.04224, -0.513553  1.09293, -0.450268  1.09745, -0.403714
6  1.03178, -0.21108  0.975009, -0.270549  0.96773, -0.320417  1.00535, -0.393682  1.05961, -0.332337  1.06657, -0.28464
6  1.00767, -0.0886282  0.949349, -0.146282  0.940425, -0.195663  0.975009, -0.270549  1.03178, -0.21108  1.04044, -0.163144
6  0.985464, 0.0330377  0.926474, -0.0228317  0.91673, -0.0709475  0.949349, -0.146282  1.00767, -0.0886282  1.01725, -0.0413052
6  0.963361, 0.151944  0.904515, 0.0978773  0.894758, 0.0518613  0.926474, -0.0228317  0.985464, 0.0330377  0.995184, 0.0788759
7  0.939617, 0.265994  0.91064, 0.240615  0.882746, 0.193279  0.888735, 0.135165  0.904515, 0.0978773  0.963361, 0.151944  0.972455, 0.195336
6  0.947382, 0.305805  0.930026, 0.34107  0.902741, 0.331713  0.882588, 0.267476  0.91064, 0.240615  0.939617, 0.265994
7  1.88735, -0.853603  1.90519, -0.864469  1.92322, -0.859672  1.91949, -0.824014  1.91222, -0.823332  1.90313, -0.82369  1.89414, -0.827908
6  1.85083, -0.88324  1.87371, -0.91219  1.90116, -0.90277  1.90519, -0.864469  1.88735, -0.853603  1.86105, -0.858201
6  1.80197, -0.90272  1.82304, -0.953674  1.86746, -0.936693  1.87371, -0.91219  1.85083, -0.88324  1.80791, -0.892209
6  1.74391, -0.913257  1.75745, -0.977418  1.76191, -0.979927  1.82023, -0.960632  1.82304, -0.953674  1.80197, -0.90272
6  1.67757, -0.918153  1.68372, -0.983953  1.69298, -0.990813  1.75745, -0.977418  1.74391, -0.913257  1.74282, -0.912449
6  1.60646, -0.910326  1.60518, -0.977138  1.61697, -0.988371  1.68372, -0.983953  1.67757, -0.918153  1.67251, -0.913333
6  1.53371, -0.889568  1.52466, -0.956613  1.53737, -0.972188  1.60518, -0.977138  1.60646, -0.910326  1.59943, -0.901714
6  1.46192, -0.855265  1.44475, -0.921875  1.45714, -0.941882  1.52466, -0.956613  1.53371, -0.889568  1.52606, -0.877211
6  1.39356, -0.805925  1.36793, -0.871814  1.37898, -0.896757  1.44475, -0.921875  1.46192, -0.855265  1.4545, -0.838524
6  1.33059, -0.740219  1.29697, -0.804824  1.30569, -0.835642  1.36793, -0.871814  1.39356, -0.805925  1.38704, -0.782896
6  1.2744, -0.658318  1.23402, -0.721707  1.23963, -0.75821  1.29697, -0.804824  1.33059, -0.740219  1.32598, -0.710249
6  1.226, -0.562941  1.17999, -0.625066  1.18204, -0.666146  1.23402, -0.721707  1.2744, -0.658318  1.27261, -0.622468
6  1.18532, -0.457259  1.13478, -0.518068  1.13333, -0.562466  1.17999, -0.625066  1.226, -0.562941  1.22731, -0.522601
6  1.15149, -0.344239  1.09745, -0.403714  1.09293, -0.450268  1.13478, -0.518068  1.18532, -0.457259  1.18955, -0.413755
6  1.12313, -0.226489  1.06657, -0.28464  1.05961, -0.332337  1.09745, -0.403714  1.15149, -0.344239  1.15813, -0.298735
6  1.09861, -0.106305  1.04044, -0.163144  1.03178, -0.21108  1.06657, -0.28464  1.12313, -0.226489  1.13153, -0.180008
6  1.07617, 0.0142147  1.01725, -0.0413052  1.00767, -0.0886282  1.04044, -0.163144  1.09861, -0.106305  1.10803, -0.0597782
6  1.05405, 0.133036  0.995184, 0.0788759  0.985464, 0.0330377  1.01725, -0.0413052  1.07617, 0.0142147  1.08585, 0.0598748
6  1.0305, 0.248054  0.972455, 0.195336  0.963361, 0.151944  0.995184, 0.0788759  1.05405, 0.133036  1.06323, 0.176866
6  1.00389, 0.356965  0.947382, 0.305805  0.939617, 0.265994  0.972455, 0.195336  1.0305, 0.248054  1.03848, 0.288964
6  1.01006, 0.393642  0.975402, 0.438548  0.928112, 0.39435  0.930026, 0.34107  0.947382, 0.305805  1.00389, 0.356965
8  1.84298, -0.829207  1.86105, -0.858201  1.88735, -0.853603  1.89414, -0.827908  1.88481, -0.818848  1.87251, -0.815426  1.86438, -0.812532  1.85086, -0.815345
6  1.79329, -0.845287  1.80791, -0.892209  1.85083, -0.88324  1.86105, -0.858201  1.84298, -0.829207  1.8041, -0.830732
7  1.7365, -0.851387  1.74282, -0.912449  1.74391, -0.913257  1.80197, -0.90272  1.80791, -0.892209  1.79329, -0.845287  1.74183, -0.845789
5  1.67507, -0.847888  1.67251, -0.913333  1.67757, -0.918153  1.74282, -0.912449  1.7365, -0.851387
6  1.60999, -0.836791  1.59943, -0.901714  1.60646, -0.910326  1.67251, -0.913333  1.67507, -0.847888  1.6746, -0.847307
6  1.54464, -0.813281  1.52606, -0.877211  1.53371, -0.889568  1.59943, -0.901714  1.60999, -0.836791  1.6078, -0.833256
6  1.48128, -0.775692  1.4545, -0.838524  1.46192, -0.855265  1.52606, -0.877211  1.54464, -0.813281  1.54134, -0.805818
6  1.4215, -0.721939  1.38704, -0.782896  1.39356, -0.805925  1.4545, -0.838524  1.48128, -0.775692  1.47717, -0.761183
6  1.36675, -0.65034  1.32598, -0.710249  1.33059, -0.740219  1.38704, -0.782896  1.4215, -0.721939  1.41796, -0.698883
6  1.31867, -0.563341  1.27261, -0.622468  1.2744, -0.658318  1.32598, -0.710249  1.36675, -0.65034  1.36524, -0.619912
6  1.27772, -0.464211  1.22731, -0.522601  1.226, -0.562941  1.27261, -0.622468  1.31867, -0.563341  1.31985, -0.527154
6  1.24338, -0.356122  1.18955, -0.413755  1.18532, -0.457259  1.22731, -0.522601  1.27772, -0.464211  1.28165, -0.423804
6  1.21449, -0.241889  1.15813, -0.298735  1.15149, -0.344239  1.18955, -0.413755  1.24338, -0.356122  1.2497, -0.312834
6  1.18955, -0.123979  1.13153, -0.180008  1.12313, -0.226489  1.15813, -0.298735  1.21449, -0.241889  1.22262, -0.196871
6  1.16688, -0.00460744  1.10803, -0.0597782  1.09861, -0.106305  1.13153, -0.180008  1.18955, -0.123979  1.19881, -0.0782506
6  1.14474, 0.114127  1.08585, 0.0598748  1.07617, 0.0142147  1.10803, -0.0597782  1.16688, -0.00460744  1.17652, 0.0408738
6  1.12138, 0.230112  1.06323, 0.176866  1.05405, 0.133036  1.08585, 0.0598748  1.14474, 0.114127  1.15401, 0.158395
6  1.09516, 0.341089  1.03848, 0.288964  1.0305, 0.248054  1.06323, 0.176866  1.12138, 0.230112  1.12958, 0.272115
6  1.06458, 0.444528  1.01006, 0.393642  1.00389, 0.356965  1.03848, 0.288964  1.09516, 0.341089  1.10163, 0.379606
7  1.02849, 0.537522  0.98071, 0.496706  0.972746, 0.457255  0.975402, 0.438548  1.01006, 0.393642  1.06458, 0.444528  1.06886, 0.478064
6  1.03042, 0.564171  0.994947, 0.602304  0.957106, 0.561921  0.958187, 0.525061  0.98071, 0.496706  1.02849, 0.537522
6  1.8041, -0.830732  1.84298, -0.829207  1.85086, -0.815345  1.83787, -0.797602  1.82383, -0.789246  1.79565, -0.796452
8  1.73958, -0.795325  1.74183, -0.845789  1.79329, -0.845287  1.8041, -0.830732  1.79565, -0.796452  1.79249, -0.792661  1.78674, -0.789028  1.7549, -0.78278
7  1.68197, -0.790337  1.6746, -0.847307  1.67507, -0.847888  1.7365, -0.851387  1.74183, -0.845789  1.73958, -0.795325  1.69451, -0.782533
6  1.62448, -0.773727  1.6078, -0.833256  1.60999, -0.836791  1.6746, -0.847307  1.68197, -0.790337  1.63156, -0.770588
5  1.56872, -0.744483  1.54134, -0.805818  1.54464, -0.813281  1.6078, -0.833256  1.62448, -0.773727
6  1.51235, -0.703193  1.47717, -0.761183  1.48128, -0.775692  1.54134, -0.805818  1.56872, -0.744483  1.56739, -0.739789
6  1.4591, -0.642153  1.41796, -0.698883  1.4215, -0.721939  1.47717, -0.761183  1.51235, -0.703193  1.50996, -0.687627
6  1.41135, -0.563642  1.36524, -0.619912  1.36675, -0.65034  1.41796, -0.698883  1.4591, -0.642153  1.45786, -0.617403
6  1.37012, -0.471117  1.31985, -0.527154  1.31867, -0.563341  1.36524, -0.619912  1.41135, -0.563642  1.41239, -0.531728
6  1.33526, -0.367982  1.28165, -0.423804  1.27772, -0.464211  1.31985, -0.527154  1.37012, -0.471117  1.37374, -0.433862
6  1.30584, -0.257279  1.2497, -0.312834  1.24338, -0.356122  1.28165, -0.423804  1.33526, -0.367982  1.34126, -0.326935
6  1.28049, -0.141648  1.22262, -0.196871  1.21449, -0.241889  1.2497, -0.312834  1.30584, -0.257279  1.31371, -0.213735
6  1.25758, -0.0234288  1.19881, -0.0782506  1.18955, -0.123979  1.22262, -0.196871  1.28049, -0.141648  1.28958, -0.0967224
6  1.23542, 0.0952176  1.17652, 0.0408738  1.16688, -0.00460744  1.19881, -0.0782506  1.25758, -0.0234288  1.26719, 0.0218731
6  1.21227, 0.21217  1.15401, 0.158395  1.14474, 0.114127  1.17652, 0.0408738  1.23542, 0.0952176  1.24479, 0.139921
6  1.18643, 0.325215  1.12958, 0.272115  1.12138, 0.230112  1.15401, 0.158395  1.21227, 0.21217  1.22067, 0.255258
6  1.15636, 0.431917  1.10163, 0.379606  1.09516, 0.341089  1.12958, 0.272115  1.18643, 0.325215  1.19321, 0.365549
6  1.12079, 0.529508  1.06886, 0.478064  1.06458, 0.444528  1.10163, 0.379606  1.15636, 0.431917  1.16099, 0.468151
6  1.07893, 0.614845  1.03042, 0.564171  1.02849, 0.537522  1.06886, 0.478064  1.12079, 0.529508  1.123, 0.559986
7  1.03084, 0.684547  0.994684, 0.645733  0.991592, 0.614215  0.994947, 0.602304  1.03042, 0.564171  1.07893, 0.614845  1.07895, 0.637488
6  1.02975, 0.696692  0.991066, 0.727697  0.965534, 0.689477  0.968422, 0.668628  0.994684, 0.645733  1.03084, 0.684547
5  1.7549, -0.78278  1.78674, -0.789028  1.79253, -0.759388  1.7791, -0.747817  1.75376, -0.753771
8  1.70047, -0.740265  1.69451, -0.782533  1.73958, -0.795325  1.7549, -0.78278  1.75376, -0.753771  1.75018, -0.746575  1.74493, -0.740858  1.72581, -0.729016
6  1.65076, -0.717501  1.63156, -0.770588  1.68197, -0.790337  1.69451, -0.782533  1.70047, -0.740265  1.66373, -0.713914
6  1.60307, -0.683624  1.56739, -0.739789  1.56872, -0.744483  1.62448, -0.773727  1.63156, -0.770588  1.65076, -0.717501
6  1.55143, -0.633654  1.50996, -0.687627  1.51235, -0.703193  1.56739, -0.739789  1.60307, -0.683624  1.60197, -0.676505
6  1.50403, -0.563816  1.45786, -0.617403  1.4591, -0.642153  1.50996, -0.687627  1.55143, -0.633654  1.55049, -0.614945
6  1.46253, -0.477966  1.41239, -0.531728  1.41135, -0.563642  1.45786, -0.617403  1.50403, -0.563816  1.50493, -0.536325
6  1.42716, -0.379817  1.37374, -0.433862  1.37012, -0.471117  1.41239, -0.531728  1.46253, -0.477966  1.46584, -0.44393
6  1.3972, -0.272657  1.34126, -0.326935  1.33526, -0.367982  1.37374, -0.433862  1.42716, -0.379817  1.43282, -0.34104
6  1.37143, -0.159313  1.31371, -0.213735  1.30584, -0.257279  1.34126, -0.326935  1.3972, -0.272657  1.4048, -0.2306
6  1.34829, -0.0422495  1.28958, -0.0967224  1.28049, -0.141648  1.31371, -0.213735  1.37143, -0.159313  1.38036, -0.115193
6  1.32611, 0.0763076  1.26719, 0.0218731  1.25758, -0.0234288  1.28958, -0.0967224  1.34829, -0.0422495  1.35786, 0.00287254
6  1.30315, 0.194227  1.24479, 0.139921  1.23542, 0.0952176  1.26719, 0.0218731  1.32611, 0.0763076  1.33557, 0.121445
6  1.2777, 0.309341  1.22067, 0.255258  1.21227, 0.21217  1.24479, 0.139921  1.30315, 0.194227  1.31177, 0.238394
6  1.24814, 0.41931  1.19321, 0.365549  1.18643, 0.325215  1.22067, 0.255258  1.2777, 0.309341  1.28478, 0.351474
6  1.21309, 0.521507  1.16099, 0.468151  1.15636, 0.431917  1.19321, 0.365549  1.24814, 0.41931  1.25311, 0.458194
6  1.17157, 0.612947  1.123, 0.559986  1.12079, 0.529508  1.16099, 0.468151  1.21309, 0.521507  1.21557, 0.555694
6  1.12333, 0.690365  1.07895, 0.637488  1.07893, 0.614845  1.123, 0.559986  1.17157, 0.612947  1.17159, 0.640693
6  1.06913, 0.750626  1.02975, 0.696692  1.03084, 0.684547  1.07895, 0.637488  1.12333, 0.690365  1.1216, 0.709617
8  1.00805, 0.79003  0.98801, 0.750063  0.989349, 0.731685  0.991066, 0.727697  1.02975, 0.696692  1.06913, 0.750626  1.0674, 0.759122  1.01364, 0.791948
6  1.00805, 0.79003  0.970906, 0.810272  0.953191, 0.794277  0.955987, 0.774147  0.959186, 0.764564  0.98801, 0.750063
5  1.72581, -0.729016  1.74493, -0.740858  1.7614, -0.716826  1.75248, -0.706636  1.72799, -0.708748
8  1.6911, -0.664785  1.66373, -0.713914  1.70047, -0.740265  1.72581, -0.729016  1.72799, -0.708748  1.72564, -0.698629  1.72031, -0.682655  1.69625, -0.664029
6  1.64373, -0.624668  1.60197, -0.676505  1.60307, -0.683624  1.65076, -0.717501  1.66373, -0.713914  1.6911, -0.664785
6  1.59672, -0.563815  1.55049, -0.614945  1.55143, -0.633654  1.60197, -0.676505  1.64373, -0.624668  1.64313, -0.612537
6  1.55495, -0.484745  1.50493, -0.536325  1.50403, -0.563816  1.55049, -0.614945  1.59672, -0.563815  1.59746, -0.540944
6  1.51905, -0.391623  1.46584, -0.44393  1.46253, -0.477966  1.50493, -0.536325  1.55495, -0.484745  1.55793, -0.454007
6  1.48856, -0.288023  1.43282, -0.34104  1.42716, -0.379817  1.46584, -0.44393  1.51905, -0.391623  1.52438, -0.355148
6  1.46237, -0.176974  1.4048, -0.2306  1.3972, -0.272657  1.43282, -0.34104  1.48856, -0.288023  1.49589, -0.247465
6  1.439, -0.0610693  1.38036, -0.115193  1.37143, -0.159313  1.4048, -0.2306  1.46237, -0.176974  1.47114, -0.133664
6  1.4168, 0.057397  1.35786, 0.00287254  1.34829, -0.0422495  1.38036, -0.115193  1.439, -0.0610693  1.44853, -0.0161278
6  1.39404, 0.176284  1.33557, 0.121445  1.32611, 0.0763076  1.35786, 0.00287254  1.4168, 0.057397  1.42635, 0.102968
6  1.36897, 0.293469  1.31177, 0.238394  1.30315, 0.194227  1.33557, 0.121445  1.39404, 0.176284  1.40286, 0.221523
6  1.33992, 0.406709  1.28478, 0.351474  1.2777, 0.309341  1.31177, 0.238394  1.36897, 0.293469  1.37635, 0.337383
6  1.30539, 0.51352  1.25311, 0.458194  1.24814, 0.41931  1.28478, 0.351474  1.33992, 0.406709  1.34522, 0.4482
6  1.2642, 0.611081  1.21557, 0.555694  1.21309, 0.521507  1.25311, 0.458194  1.30539, 0.51352  1.30813, 0.551317
6  1.21581, 0.696258  1.17159, 0.640693  1.17157, 0.612947  1.21557, 0.555694  1.2642, 0.611081  1.26423, 0.643695
6  1.16056, 0.765876  1.1216, 0.709617  1.12333, 0.690365  1.17159, 0.640693  1.21581, 0.696258  1.21349, 0.722012
6  1.0998, 0.817813  1.0674, 0.759122  1.06913, 0.750626  1.1216, 0.709617  1.16056, 0.765876  1.15705, 0.783111
5  1.03534, 0.852065  1.01364, 0.791948  1.0674, 0.759122  1.0998, 0.817813  1.0969, 0.826185
8  0.968039, 0.868251  0.963202, 0.830855  0.970906, 0.810272  1.00805, 0.79003  1.01364, 0.791948  1.03534, 0.852065  1.03409, 0.854493  0.971024, 0.870337
5  0.968039, 0.868251  0.937561, 0.874004  0.922449, 0.845256  0.936519, 0.826517  0.963202, 0.830855
7  1.64313, -0.612537  1.64373, -0.624668  1.6911, -0.664785  1.69625, -0.664029  1.71332, -0.631088  1.71276, -0.615319  1.68488, -0.575642
7  1.64737, -0.491438  1.59746, -0.540944  1.59672, -0.563815  1.64313, -0.612537  1.68488, -0.575642  1.68786, -0.567004  1.68233, -0.531132
6  1.61095, -0.403395  1.55793, -0.454007  1.55495, -0.484745  1.59746, -0.540944  1.64737, -0.491438  1.65003, -0.464093
6  1.57993, -0.303376  1.52438, -0.355148  1.51905, -0.391623  1.55793, -0.454007  1.61095, -0.403395  1.61594, -0.369258
6  1.55331, -0.194631  1.49589, -0.247465  1.48856, -0.288023  1.52438, -0.355148  1.57993, -0.303376  1.58698, -0.264329
6  1.5297, -0.0798883  1.47114, -0.133664  1.46237, -0.176974  1.49589, -0.247465  1.55331, -0.194631  1.56192, -0.152133
6  1.50748, 0.0384858  1.44853, -0.0161278  1.439, -0.0610693  1.47114, -0.133664  1.5297, -0.0798883  1.53919, -0.0351279
6  1.48492, 0.158341  1.42635, 0.102968  1.4168, 0.057397  1.44853, -0.0161278  1.50748, 0.0384858  1.51713, 0.0844884
6  1.46024, 0.277598  1.40286, 0.221523  1.39404, 0.176284  1.42635, 0.102968  1.48492, 0.158341  1.49395, 0.204647
6  1.4317, 0.394113  1.37635, 0.337383  1.36897, 0.293469  1.40286, 0.221523  1.46024, 0.277598  1.46791, 0.323277
6  1.39769, 0.505546  1.34522, 0.4482  1.33992, 0.406709  1.37635, 0.337383  1.4317, 0.394113  1.43733, 0.438175
6  1.35684, 0.609245  1.30813, 0.551317  1.30539, 0.51352  1.34522, 0.4482  1.39769, 0.505546  1.40069, 0.546873
6  1.30828, 0.70222  1.26423, 0.643695  1.2642, 0.611081  1.30813, 0.551317  1.35684, 0.609245  1.35688, 0.646552
6  1.25196, 0.781305  1.21349, 0.722012  1.21581, 0.696258  1.26423, 0.643695  1.30828, 0.70222  1.30542, 0.734075
6  1.1888, 0.843891  1.15705, 0.783111  1.16056, 0.765876  1.21349, 0.722012  1.25196, 0.781305  1.24686, 0.806323
6  1.12047, 0.889076  1.0969, 0.826185  1.0998, 0.817813  1.15705, 0.783111  1.1888, 0.843891  1.18267, 0.861621
6  1.04969, 0.9183  1.03409, 0.854493  1.03534, 0.852065  1.0969, 0.826185  1.12047, 0.889076  1.11423, 0.901225
5  0.97817, 0.934585  0.971024, 0.870337  1.03409, 0.854493  1.04969, 0.9183  1.0438, 0.92675
8  0.973733, 0.93948  0.908294, 0.938347  0.912062, 0.902119  0.9257, 0.883737  0.937561, 0.874004  0.968039, 0.868251  0.971024, 0.870337  0.97817, 0.934585
6  1.65003, -0.464093  1.64737, -0.491438  1.68233, -0.531132  1.71229, -0.506149  1.71683, -0.476065  1.68328, -0.437819
7  1.67129, -0.318714  1.61594, -0.369258  1.61095, -0.403395  1.65003, -0.464093  1.68328, -0.437819  1.70166, -0.408345  1.69282, -0.355323
6  1.64425, -0.212282  1.58698, -0.264329  1.57993, -0.303376  1.61594, -0.369258  1.67129, -0.318714  1.67807, -0.281194
6  1.62041, -0.0987064  1.56192, -0.152133  1.55331, -0.194631  1.58698, -0.264329  1.64425, -0.212282  1.65269, -0.170602
6  1.59817, 0.0195741  1.53919, -0.0351279  1.5297, -0.0798883  1.56192, -0.152133  1.62041, -0.0987064  1.62986, -0.0541277
6  1.5758, 0.140397  1.51713, 0.0844884  1.50748, 0.0384858  1.53919, -0.0351279  1.59817, 0.0195741  1.6079, 0.0660073
6  1.55151, 0.261728  1.49395, 0.204647  1.48492, 0.158341  1.51713, 0.0844884  1.5758, 0.140397  1.58504, 0.187764
6  1.52349, 0.381523  1.46791, 0.323277  1.46024, 0.277598  1.49395, 0.204647  1.55151, 0.261728  1.55948, 0.309158
6  1.48999, 0.497585  1.43733, 0.438175  1.4317, 0.394113  1.46791, 0.323277  1.52349, 0.381523  1.52943, 0.428122
6  1.44947, 0.607437  1.40069, 0.546873  1.39769, 0.505546  1.43733, 0.438175  1.48999, 0.497585  1.49325, 0.542374
6  1.40075, 0.708242  1.35688, 0.646552  1.35684, 0.609245  1.40069, 0.546873  1.44947, 0.607437  1.44952, 0.649299
6  1.34333, 0.796871  1.30542, 0.734075  1.30828, 0.70222  1.35688, 0.646552  1.40075, 0.708242  1.39737, 0.745919
6  1.27766, 0.870358  1.24686, 0.806323  1.25196, 0.781305  1.30542, 0.734075  1.34333, 0.796871  1.33677, 0.829097
6  1.20517, 0.926931  1.18267, 0.861621  1.1888, 0.843891  1.24686, 0.806323  1.27766, 0.870358  1.26867, 0.896394
6  1.12854, 0.967188  1.11423, 0.901225  1.12047, 0.889076  1.18267, 0.861621  1.20517, 0.926931  1.19464, 0.947417
6  1.05012, 0.993148  1.0438, 0.92675  1.04969, 0.9183  1.11423, 0.901225  1.12854, 0.967188  1.11733, 0.983268
6  0.972391, 1.00551  0.973733, 0.93948  0.97817, 0.934585  1.0438, 0.92675  1.05012, 0.993148  1.03933, 1.00505
6  0.898004, 1.00465  0.906766, 0.939556  0.908294, 0.938347  0.973733, 0.93948  0.972391, 1.00551  0.963437, 1.01321
7  0.892849, 1.00807  0.833283, 0.993309  0.842552, 0.960784  0.862408, 0.94415  0.871141, 0.937473  0.906766, 0.939556  0.898004, 1.00465
6  1.67807, -0.281194  1.67129, -0.318714  1.69282, -0.355323  1.7316, -0.334699  1.74052, -0.296728  1.70671, -0.256287
7  1.71112, -0.117524  1.65269, -0.170602  1.64425, -0.212282  1.67807, -0.281194  1.70671, -0.256287  1.73553, -0.214117  1.72719, -0.154307
6  1.68886, 0.000661839  1.62986, -0.0541277  1.62041, -0.0987064  1.65269, -0.170602  1.71112, -0.117524  1.72053, -0.0731273
6  1.66669, 0.122453  1.6079, 0.0660073  1.59817, 0.0195741  1.62986, -0.0541277  1.68886, 0.000661839  1.69868, 0.0475245
6  1.64278, 0.24586  1.58504, 0.187764  1.5758, 0.140397  1.6079, 0.0660073  1.66669, 0.122453  1.67613, 0.170877
6  1.61527, 0.368937  1.55948, 0.309158  1.55151, 0.261728  1.58504, 0.187764  1.64278, 0.24586  1.65104, 0.295027
6  1.5823, 0.489635  1.52943, 0.428122  1.52349, 0.381523  1.55948, 0.309158  1.61527, 0.368937  1.62154, 0.418046
6  1.54211, 0.605654  1.49325, 0.542374  1.48999, 0.497585  1.52943, 0.428122  1.5823, 0.489635  1.5858, 0.537831
6  1.49322, 0.714316  1.44952, 0.649299  1.44947, 0.607437  1.49325, 0.542374  1.54211, 0.605654  1.54216, 0.651964
6  1.43467, 0.812542  1.39737, 0.745919  1.40075, 0.708242  1.44952, 0.649299  1.49322, 0.714316  1.48933, 0.757611
6  1.36645, 0.897071  1.33677, 0.829097  1.34333, 0.796871  1.39737, 0.745919  1.43467, 0.812542  1.42672, 0.851599
6  1.28964, 0.96524  1.26867, 0.896394  1.27766, 0.870358  1.33677, 0.829097  1.36645, 0.897071  1.3548, 0.930792
6  1.20706, 1.01653  1.19464, 0.947417  1.20517, 0.926931  1.26867, 0.896394  1.28964, 0.96524  1.27523, 0.99329
6  1.12166, 1.05216  1.11733, 0.983268  1.12854, 0.967188  1.19464, 0.947417  1.20706, 1.01653  1.19109, 1.03946
6  1.03608, 1.07291  1.03933, 1.00505  1.05012, 0.993148  1.11733, 0.983268  1.12166, 1.05216  1.10527, 1.07025
6  0.953036, 1.07931  0.963437, 1.01321  0.972391, 1.00551  1.03933, 1.00505  1.03608, 1.07291  1.02056, 1.08627
6  0.875457, 1.07175  0.892849, 1.00807  0.898004, 1.00465  0.963437, 1.01321  0.953036, 1.07931  0.939982, 1.08798
6  0.806294, 1.05102  0.831162, 0.994297  0.833283, 0.993309  0.892849, 1.00807  0.875457, 1.07175  0.867035, 1.07592
8  0.804995, 1.05145  0.756356, 1.02569  0.754228, 1.01451  0.768856, 0.996348  0.788875, 0.986713  0.797726, 0.983097  0.831162, 0.994297  0.806294, 1.05102
6  1.72053, -0.0731273  1.71112, -0.117524  1.72719, -0.154307  1.76739, -0.126712  1.77493, -0.0902793  1.74985, -0.0464231
6  1.69868, 0.0475245  1.68886, 0.000661839  1.72053, -0.0731273  1.74985, -0.0464231  1.78093, 0.00591871  1.7489, 0.0790823
8  1.73405, 0.229993  1.67613, 0.170877  1.66669, 0.122453  1.69868, 0.0475245  1.7489, 0.0790823  1.76274, 0.106004  1.76983, 0.153898  1.7645, 0.183331
6  1.70705, 0.356357  1.65104, 0.295027  1.64278, 0.24586  1.67613, 0.170877  1.73405, 0.229993  1.7426, 0.280885
6  1.6746, 0.481697  1.62154, 0.418046  1.61527, 0.368937  1.65104, 0.295027  1.70705, 0.356357  1.71364, 0.407949
6  1.63475, 0.603894  1.5858, 0.537831  1.5823, 0.489635  1.62154, 0.418046  1.6746, 0.481697  1.67835, 0.533252
6  1.58568, 0.720432  1.54216, 0.651964  1.54211, 0.605654  1.5858, 0.537831  1.63475, 0.603894  1.6348, 0.654564
6  1.52601, 0.828295  1.48933, 0.757611  1.49322, 0.714316  1.54216, 0.651964  1.58568, 0.720432  1.5813, 0.769192
6  1.45517, 0.92395  1.42672, 0.851599  1.43467, 0.812542  1.48933, 0.757611  1.52601, 0.828295  1.51672, 0.873922
6  1.37396, 1.00382  1.3548, 0.930792  1.36645, 0.897071  1.42672, 0.851599  1.45517, 0.92395  1.441, 0.964956
6  1.2854, 1.06615  1.27523, 0.99329  1.28964, 0.96524  1.3548, 0.930792  1.37396, 1.00382  1.35591, 1.03896
6  1.19296, 1.11143  1.19109, 1.03946  1.20706, 1.01653  1.27523, 0.99329  1.2854, 1.06615  1.26499, 1.09544
6  1.09947, 1.14058  1.10527, 1.07025  1.12166, 1.05216  1.19109, 1.03946  1.19296, 1.11143  1.17141, 1.13522
6  1.00766, 1.15424  1.02056, 1.08627  1.03608, 1.07291  1.10527, 1.07025  1.09947, 1.14058  1.07799, 1.15907
6  0.920405, 1.15287  0.939982, 1.08798  0.953036, 1.07931  1.02056, 1.08627  1.00766, 1.15424  0.987635, 1.16754
6  0.840914, 1.1371  0.867035, 1.07592  0.875457, 1.07175  0.939982, 1.08798  0.920405, 1.15287  0.903578, 1.16119
6  0.772573, 1.10803  0.804995, 1.05145  0.806294, 1.05102  0.867035, 1.07592  0.840914, 1.1371  0.829472, 1.14097
6  0.720806, 1.06112  0.756356, 1.02569  0.804995, 1.05145  0.772573, 1.10803  0.769318, 1.10863  0.72116, 1.07306
7  0.720806, 1.06112  0.684746, 1.02954  0.704734, 1.00741  0.721854, 1.00484  0.730433, 1.00373  0.754228, 1.01451  0.756356, 1.02569
4  1.76274, 0.106004  1.81006, 0.0818834  1.81773, 0.16151  1.76983, 0.153898
5  1.7426, 0.280885  1.73405, 0.229993  1.7645, 0.183331  1.82662, 0.246432  1.77674, 0.312749
8  1.76691, 0.47377  1.71364, 0.407949  1.70705, 0.356357  1.7426, 0.280885  1.77674, 0.312749  1.80077, 0.345601  1.80349, 0.407686  1.79002, 0.43416
6  1.72738, 0.602153  1.67835, 0.533252  1.6746, 0.481697  1.71364, 0.407949  1.76691, 0.47377  1.77089, 0.528641
6  1.67814, 0.726584  1.6348, 0.654564  1.63475, 0.603894  1.67835, 0.533252  1.72738, 0.602153  1.72744, 0.657113
6  1.61732, 0.844112  1.5813, 0.769192  1.58568, 0.720432  1.6348, 0.654564  1.67814, 0.726584  1.67327, 0.780691
6  1.54385, 0.950945  1.51672, 0.873922  1.52601, 0.828295  1.5813, 0.769192  1.61732, 0.844112  1.60673, 0.896121
6  1.4582, 1.04257  1.441, 0.964956  1.45517, 0.92395  1.51672, 0.873922  1.54385, 0.950945  1.52727, 0.998965
6  1.36361, 1.11594  1.35591, 1.03896  1.37396, 1.00382  1.441, 0.964956  1.4582, 1.04257  1.43667, 1.08449
6  1.26411, 1.17087  1.26499, 1.09544  1.2854, 1.06615  1.35591, 1.03896  1.36361, 1.11594  1.33899, 1.15128
6  1.16267, 1.20842  1.17141, 1.13522  1.19296, 1.11143  1.26499, 1.09544  1.26411, 1.17087  1.23768, 1.20004
6  1.06202, 1.22934  1.07799, 1.15907  1.09947, 1.14058  1.17141, 1.13522  1.16267, 1.20842  1.13561, 1.23169
6  0.964993, 1.23417  0.987635, 1.16754  1.00766, 1.15424  1.07799, 1.15907  1.06202, 1.22934  1.03559, 1.24689
6  0.874669, 1.22348  0.903578, 1.16119  0.920405, 1.15287  0.987635, 1.16754  0.964993, 1.23417  0.940655, 1.2462
6  0.794414, 1.1982  0.829472, 1.14097  0.840914, 1.1371  0.903578, 1.16119  0.874669, 1.22348  0.854166, 1.23041
6  0.727165, 1.16  0.769318, 1.10863  0.772573, 1.10803  0.829472, 1.14097  0.794414, 1.1982  0.779762, 1.20091
5  0.674351, 1.11131  0.72116, 1.07306  0.769318, 1.10863  0.727165, 1.16  0.719671, 1.16022
8  0.63731, 1.05295  0.683496, 1.02939  0.684746, 1.02954  0.720806, 1.06112  0.72116, 1.07306  0.674351, 1.11131  0.67232, 1.11105  0.636247, 1.05667
6  0.63731, 1.05295  0.611747, 1.01221  0.634348, 0.995582  0.65612, 0.998258  0.667779, 1.00206  0.683496, 1.02939
5  1.77089, 0.528641  1.76691, 0.47377  1.79002, 0.43416  1.85282, 0.506731  1.79438, 0.562812
8  1.77347, 0.70941  1.72744, 0.657113  1.72738, 0.602153  1.77089, 0.528641  1.79438, 0.562812  1.81988, 0.601808  1.80973, 0.678952  1.79395, 0.696961
7  1.70863, 0.859981  1.67327, 0.780691  1.67814, 0.726584  1.72744, 0.657113  1.77347, 0.70941  1.77617, 0.789517  1.75709, 0.822839
6  1.63251, 0.978026  1.60673, 0.896121  1.61732, 0.844112  1.67327, 0.780691  1.70863, 0.859981  1.69677, 0.918229
6  1.54238, 1.08145  1.52727, 0.998965  1.54385, 0.950945  1.60673, 0.896121  1.63251, 0.978026  1.61356, 1.03287
6  1.44175, 1.16585  1.43667, 1.08449  1.4582, 1.04257  1.52727, 0.998965  1.54238, 1.08145  1.51748, 1.12991
6  1.33515, 1.23043  1.33899, 1.15128  1.36361, 1.11594  1.43667, 1.08449  1.44175, 1.16585  1.41306, 1.20701
6  1.22573, 1.27637  1.23768, 1.20004  1.26411, 1.17087  1.33899, 1.15128  1.33515, 1.23043  1.30405, 1.26476
6  1.11622, 1.30455  1.13561, 1.23169  1.16267, 1.20842  1.23768, 1.20004  1.22573, 1.27637  1.19337, 1.3042
6  1.00935, 1.31558  1.03559, 1.24689  1.06202, 1.22934  1.13561, 1.23169  1.11622, 1.30455  1.08375, 1.32612
6  0.90808, 1.30997  0.940655, 1.2462  0.964993, 1.23417  1.03559, 1.24689  1.00935, 1.31558  0.978048, 1.33106
6  0.815674, 1.28847  0.854166, 1.23041  0.874669, 1.22348  0.940655, 1.2462  0.90808, 1.30997  0.879414, 1.31966
6  0.735338, 1.25244  0.779762, 1.20091  0.794414, 1.1982  0.854166, 1.23041  0.815674, 1.28847  0.791284, 1.29299
6  0.669175, 1.20405  0.719671, 1.16022  0.727165, 1.16  0.779762, 1.20091  0.735338, 1.25244  0.716445, 1.25299
6  0.617316, 1.14691  0.67232, 1.11105  0.674351, 1.11131  0.719671, 1.16022  0.669175, 1.20405  0.655133, 1.20223
5  0.577683, 1.08406  0.636247, 1.05667  0.67232, 1.11105  0.617316, 1.14691  0.606582, 1.14387
7  0.549651, 1.01784  0.597997, 1.00688  0.611747, 1.01221  0.63731, 1.05295  0.636247, 1.05667  0.577683, 1.08406  0.569859, 1.08064
6  0.544861, 1.01496  0.537339, 0.976623  0.576294, 0.962563  0.594459, 0.978001  0.597997, 1.00688  0.549651, 1.01784
4  1.77347, 0.70941  1.79395, 0.696961  1.83769, 0.786578  1.77617, 0.789517
6  1.69677, 0.918229  1.70863, 0.859981  1.75709, 0.822839  1.79933, 0.879966  1.76418, 0.963374  1.72853, 0.972609
8  1.62651, 1.12041  1.61356, 1.03287  1.63251, 0.978026  1.69677, 0.918229  1.72853, 0.972609  1.719, 1.03568  1.70741, 1.06415  1.67111, 1.09578
6  1.51982, 1.21584  1.51748, 1.12991  1.54238, 1.08145  1.61356, 1.03287  1.62651, 1.12041  1.59833, 1.17527
6  1.40613, 1.29007  1.41306, 1.20701  1.44175, 1.16585  1.51748, 1.12991  1.51982, 1.21584  1.48718, 1.26268
6  1.2887, 1.34439  1.30405, 1.26476  1.33515, 1.23043  1.41306, 1.20701  1.40613, 1.29007  1.37049, 1.3294
6  1.1703, 1.37984  1.19337, 1.3042  1.22573, 1.27637  1.30405, 1.26476  1.2887, 1.34439  1.25122, 1.37664
6  1.05355, 1.39707  1.08375, 1.32612  1.11622, 1.30455  1.19337, 1.3042  1.1703, 1.37984  1.13204, 1.40526
6  0.941271, 1.39654  0.978048, 1.33106  1.00935, 1.31558  1.08375, 1.32612  1.05355, 1.39707  1.01564, 1.41581
6  0.836589, 1.37881  0.879414, 1.31966  0.90808, 1.30997  0.978048, 1.33106  0.941271, 1.39654  0.904986, 1.4088
6  0.742851, 1.3449  0.791284, 1.29299  0.815674, 1.28847  0.879414, 1.31966  0.836589, 1.37881  0.803359, 1.38497
6  0.662801, 1.29664  0.716445, 1.25299  0.735338, 1.25244  0.791284, 1.29299  0.742851, 1.3449  0.714001, 1.34574
6  0.597336, 1.23754  0.655133, 1.20223  0.669175, 1.20405  0.716445, 1.25299  0.662801, 1.29664  0.638605, 1.2935
6  0.545376, 1.17104  0.606582, 1.14387  0.617316, 1.14691  0.655133, 1.20223  0.597336, 1.23754  0.577069, 1.2318
6  0.506309, 1.09987  0.569859, 1.08064  0.577683, 1.08406  0.606582, 1.14387  0.545376, 1.17104  0.528702, 1.16375
6  0.479962, 1.02647  0.544861, 1.01496  0.549651, 1.01784  0.569859, 1.08064  0.506309, 1.09987  0.493237, 1.09202
7  0.466494, 0.953319  0.508026, 0.953515  0.531169, 0.968527  0.537339, 0.976623  0.544861, 1.01496  0.479962, 1.02647  0.47078, 1.01925
6  0.461646, 0.948428  0.462748, 0.914277  0.499697, 0.906753  0.516818, 0.927485  0.508026, 0.953515  0.466494, 0.953319
3  1.719, 1.03568  1.75934, 1.08019  1.70741, 1.06415
6  1.59833, 1.17527  1.62651, 1.12041  1.67111, 1.09578  1.70641, 1.17093  1.64413, 1.23868  1.61096, 1.23561
8  1.47704, 1.34977  1.48718, 1.26268  1.51982, 1.21584  1.59833, 1.17527  1.61096, 1.23561  1.5816, 1.29481  1.5639, 1.31776  1.52046, 1.33621
6  1.35161, 1.41248  1.37049, 1.3294  1.40613, 1.29007  1.48718, 1.26268  1.47704, 1.34977  1.43697, 1.39398
6  1.2243, 1.45518  1.25122, 1.37664  1.2887, 1.34439  1.37049, 1.3294  1.35161, 1.41248  1.30914, 1.44901
6  1.09764, 1.47861  1.13204, 1.40526  1.1703, 1.37984  1.25122, 1.37664  1.2243, 1.45518  1.18042, 1.48433
6  0.97431, 1.48316  1.01564, 1.41581  1.05355, 1.39707  1.13204, 1.40526  1.09764, 1.47861  1.05337, 1.5005
6  0.857283, 1.46919  0.904986, 1.4088  0.941271, 1.39654  1.01564, 1.41581  0.97431, 1.48316  0.930764, 1.49787
6  0.749989, 1.43737  0.803359, 1.38497  0.836589, 1.37881  0.904986, 1.4088  0.857283, 1.46919  0.815754, 1.47689
6  0.655829, 1.38915  0.714001, 1.34574  0.742851, 1.3449  0.803359, 1.38497  0.749989, 1.43737  0.711983, 1.43847
6  0.576735, 1.32798  0.638605, 1.2935  0.662801, 1.29664  0.714001, 1.34574  0.655829, 1.38915  0.622457, 1.38482
6  0.512466, 1.25776  0.577069, 1.2318  0.597336, 1.23754  0.638605, 1.2935  0.576735, 1.32798  0.547929, 1.31983
6  0.462388, 1.18156  0.528702, 1.16375  0.545376, 1.17104  0.577069, 1.2318  0.512466, 1.25776  0.487929, 1.24702
6  0.426192, 1.10203  0.493237, 1.09202  0.506309, 1.09987  0.528702, 1.16375  0.462388, 1.18156  0.442039, 1.16933
6  0.403906, 1.02177  0.47078, 1.01925  0.479962, 1.02647  0.493237, 1.09202  0.426192, 1.10203  0.410173, 1.08945
6  0.395711, 0.94354  0.461646, 0.948428  0.466494, 0.953319  0.47078, 1.01925  0.403906, 1.02177  0.392482, 1.01024
8  0.401644, 0.870435  0.434471, 0.877542  0.441017, 0.882896  0.455288, 0.899118  0.462748, 0.914277  0.461646, 0.948428  0.395711, 0.94354  0.389114, 0.934952
5  0.399852, 0.867331  0.408973, 0.832982  0.439772, 0.836688  0.434471, 0.877542  0.401644, 0.870435
3  1.5816, 1.29481  1.6037, 1.34771  1.5639, 1.31776
5  1.43697, 1.39398  1.47704, 1.34977  1.52046, 1.33621  1.53713, 1.42303  1.43184, 1.44711
8  1.27823, 1.53057  1.30914, 1.44901  1.35161, 1.41248  1.43697, 1.39398  1.43184, 1.44711  1.42239, 1.47348  1.37851, 1.51763  1.31988, 1.52571
6  1.14166, 1.56019  1.18042, 1.48433  1.2243, 1.45518  1.30914, 1.44901  1.27823, 1.53057  1.22887, 1.56336
6  1.00724, 1.56981  1.05337, 1.5005  1.09764, 1.47861  1.18042, 1.48433  1.14166, 1.56019  1.0912, 1.58514
6  0.877827, 1.5596  0.930764, 1.49787  0.97431, 1.48316  1.05337, 1.5005  1.00724, 1.56981  0.95668, 1.5869
6  0.756893, 1.52985  0.815754, 1.47689  0.857283, 1.46919  0.930764, 1.49787  0.877827, 1.5596  0.828352, 1.56877
6  0.648516, 1.48162  0.711983, 1.43847  0.749989, 1.43737  0.815754, 1.47689  0.756893, 1.52985  0.710224, 1.5312
6  0.555779, 1.41833  0.622457, 1.38482  0.655829, 1.38915  0.711983, 1.43847  0.648516, 1.48162  0.606548, 1.47616
6  0.479208, 1.34432  0.547929, 1.31983  0.576735, 1.32798  0.622457, 1.38482  0.555779, 1.41833  0.519028, 1.40792
6  0.418129, 1.26304  0.487929, 1.24702  0.512466, 1.25776  0.547929, 1.31983  0.479208, 1.34432  0.4474, 1.33041
6  0.372087, 1.17734  0.442039, 1.16933  0.462388, 1.18156  0.487929, 1.24702  0.418129, 1.26304  0.391105, 1.24679
6  0.340963, 1.08986  0.410173, 1.08945  0.426192, 1.10203  0.442039, 1.16933  0.372087, 1.17734  0.349874, 1.15988
6  0.324853, 1.00337  0.392482, 1.01024  0.403906, 1.02177  0.410173, 1.08945  0.340963, 1.08986  0.323716, 1.07246
6  0.32381, 0.9209  0.389114, 0.934952  0.395711, 0.94354  0.392482, 1.01024  0.324853, 1.00337  0.312717, 0.987566
6  0.337242, 0.845092  0.399852, 0.867331  0.401644, 0.870435  0.389114, 0.934952  0.32381, 0.9209  0.316721, 0.908619
7  0.334143, 0.837426  0.363067, 0.779265  0.394917, 0.801649  0.404142, 0.820667  0.408973, 0.832982  0.399852, 0.867331  0.337242, 0.845092
5  1.22887, 1.56336  1.27823, 1.53057  1.31988, 1.52571  1.31072, 1.61453  1.20856, 1.60144
8  1.0401, 1.6565  1.0912, 1.58514  1.14166, 1.56019  1.22887, 1.56336  1.20856, 1.60144  1.18701, 1.63675  1.1379, 1.66443  1.08197, 1.66198
6  0.898265, 1.65003  0.95668, 1.5869  1.00724, 1.56981  1.0912, 1.58514  1.0401, 1.6565  0.982694, 1.67589
6  0.763643, 1.62233  0.828352, 1.56877  0.877827, 1.5596  0.95668, 1.5869  0.898265, 1.65003  0.841086, 1.66062
6  0.64099, 1.57406  0.710224, 1.5312  0.756893, 1.52985  0.828352, 1.56877  0.763643, 1.62233  0.708634, 1.62392
6  0.5346, 1.50861  0.606548, 1.47616  0.648516, 1.48162  0.710224, 1.5312  0.64099, 1.57406  0.5908, 1.56753
6  0.445731, 1.43079  0.519028, 1.40792  0.555779, 1.41833  0.606548, 1.47616  0.5346, 1.50861  0.490286, 1.49607
6  0.373657, 1.3444  0.4474, 1.33041  0.479208, 1.34432  0.519028, 1.40792  0.445731, 1.43079  0.407034, 1.41386
6  0.317772, 1.25247  0.391105, 1.24679  0.418129, 1.26304  0.4474, 1.33041  0.373657, 1.3444  0.340344, 1.32437
6  0.277804, 1.15773  0.349874, 1.15988  0.372087, 1.17734  0.391105, 1.24679  0.317772, 1.25247  0.289773, 1.23047
6  0.253757, 1.06288  0.323716, 1.07246  0.340963, 1.08986  0.349874, 1.15988  0.277804, 1.15773  0.255189, 1.13492
6  0.245696, 0.970878  0.312717, 0.987566  0.324853, 1.00337  0.323716, 1.07246  0.253757, 1.06288  0.236633, 1.04059
6  0.253274, 0.884554  0.316721, 0.908619  0.32381, 0.9209  0.312717, 0.987566  0.245696, 0.970878  0.234033, 0.950674
6  0.275164, 0.805426  0.334143, 0.837426  0.337242, 0.845092  0.316721, 0.908619  0.253274, 0.884554  0.246386, 0.867515
7  0.308013, 0.732719  0.358642, 0.764621  0.361574, 0.770975  0.363067, 0.779265  0.334143, 0.837426  0.275164, 0.805426  0.271284, 0.789963
6  0.30584, 0.715713  0.343421, 0.671625  0.369953, 0.692226  0.378061, 0.724044  0.358642, 0.764621  0.308013, 0.732719
5  0.982694, 1.67589  1.0401, 1.6565  1.08197, 1.66198  1.04196, 1.74124  0.952776, 1.70532
7  0.841086, 1.66062  0.898265, 1.65003  0.982694, 1.67589  0.952776, 1.70532  0.912799, 1.73394  0.862876, 1.74423  0.802144, 1.71255
8  0.633322, 1.66648  0.708634, 1.62392  0.763643, 1.62233  0.841086, 1.66062  0.802144, 1.71255  0.752378, 1.72951  0.724951, 1.72969  0.674585, 1.71393
6  0.513272, 1.59885  0.5908, 1.56753  0.64099, 1.57406  0.708634, 1.62392  0.633322, 1.66648  0.575165, 1.65892
6  0.412107, 1.5172  0.490286, 1.49607  0.5346, 1.50861  0.5908, 1.56753  0.513272, 1.59885  0.461658, 1.58424
6  0.329042, 1.42566  0.407034, 1.41386  0.445731, 1.43079  0.490286, 1.49607  0.412107, 1.5172  0.366783, 1.49737
6  0.263315, 1.3275  0.340344, 1.32437  0.373657, 1.3444  0.407034, 1.41386  0.329042, 1.42566  0.289705, 1.40201
6  0.2145, 1.22546  0.289773, 1.23047  0.317772, 1.25247  0.340344, 1.32437  0.263315, 1.3275  0.229804, 1.30116
6  0.182509, 1.1222  0.255189, 1.13492  0.277804, 1.15773  0.289773, 1.23047  0.2145, 1.22546  0.186817, 1.19753
6  0.167413, 1.02056  0.236633, 1.04059  0.253757, 1.06288  0.255189, 1.13492  0.182509, 1.1222  0.16074, 1.09386
6  0.169081, 0.92346  0.234033, 0.950674  0.245696, 0.970878  0.236633, 1.04059  0.167413, 1.02056  0.151587, 0.993147
6  0.186554, 0.832925  0.246386, 0.867515  0.253274, 0.884554  0.234033, 0.950674  0.169081, 0.92346  0.15884, 0.898127
6  0.216691, 0.748914  0.271284, 0.789963  0.275164, 0.805426  0.246386, 0.867515  0.186554, 0.832925  0.180597, 0.809182
6  0.255997, 0.668564  0.30584, 0.715713  0.308013, 0.732719  0.271284, 0.789963  0.216691, 0.748914  0.213611, 0.724808
7  0.302378, 0.589311  0.337892, 0.625871  0.344693, 0.644092  0.343421, 0.671625  0.30584, 0.715713  0.255997, 0.668564  0.255239, 0.642625
6  0.303783, 0.56062  0.344319, 0.519755  0.367817, 0.541876  0.3757, 0.586679  0.337892, 0.625871  0.302378, 0.589311
3  0.752378, 1.72951  0.739627, 1.78979  0.724951, 1.72969
6  0.575165, 1.65892  0.633322, 1.66648  0.674585, 1.71393  0.621225, 1.74992  0.558895, 1.73796  0.523262, 1.69388
8  0.37838, 1.60355  0.461658, 1.58424  0.513272, 1.59885  0.575165, 1.65892  0.523262, 1.69388  0.468212, 1.69391  0.442977, 1.68599  0.403827, 1.6568
6  0.284327, 1.50687  0.366783, 1.49737  0.412107, 1.5172  0.461658, 1.58424  0.37838, 1.60355  0.326616, 1.58091
6  0.20876, 1.40244  0.289705, 1.40201  0.329042, 1.42566  0.366783, 1.49737  0.284327, 1.50687  0.239152, 1.47971
6  0.151098, 1.29308  0.229804, 1.30116  0.263315, 1.3275  0.289705, 1.40201  0.20876, 1.40244  0.169929, 1.37193
6  0.111158, 1.18139  0.186817, 1.19753  0.2145, 1.22546  0.229804, 1.30116  0.151098, 1.29308  0.118551, 1.26025
6  0.0890191, 1.07006  0.16074, 1.09386  0.182509, 1.1222  0.186817, 1.19753  0.111158, 1.18139  0.0849694, 1.14729
6  0.0847564, 0.96204  0.151587, 0.993147  0.167413, 1.02056  0.16074, 1.09386  0.0890191, 1.07006  0.0692861, 1.03587
6  0.0978197, 0.859925  0.15884, 0.898127  0.169081, 0.92346  0.151587, 0.993147  0.0847564, 0.96204  0.0714203, 0.92905
6  0.125318, 0.764699  0.180597, 0.809182  0.186554, 0.832925  0.15884, 0.898127  0.0978197, 0.859925  0.0899545, 0.82858
6  0.163497, 0.674651  0.213611, 0.724808  0.216691, 0.748914  0.180597, 0.809182  0.125318, 0.764699  0.121395, 0.733996
6  0.209721, 0.587456  0.255239, 0.642625  0.255997, 0.668564  0.213611, 0.724808  0.163497, 0.674651  0.162584, 0.643357
6  0.262265, 0.501049  0.303783, 0.56062  0.302378, 0.589311  0.255239, 0.642625  0.209721, 0.587456  0.211328, 0.554631
7  0.319927, 0.413834  0.339768, 0.447808  0.351151, 0.480117  0.344319, 0.519755  0.303783, 0.56062  0.262265, 0.501049  0.266096, 0.466126
5  0.325714, 0.376533  0.353953, 0.351037  0.395537, 0.411313  0.339768, 0.447808  0.319927, 0.413834
3  0.468212, 1.69391  0.436733, 1.74389  0.442977, 1.68599
6  0.326616, 1.58091  0.37838, 1.60355  0.403827, 1.6568  0.34667, 1.68231  0.279882, 1.64383  0.269398, 1.59915
8  0.154132, 1.47733  0.239152, 1.47971  0.284327, 1.50687  0.326616, 1.58091  0.269398, 1.59915  0.21564, 1.58296  0.193864, 1.56885  0.166406, 1.53045
6  0.0876233, 1.36064  0.169929, 1.37193  0.20876, 1.40244  0.239152, 1.47971  0.154132, 1.47733  0.110124, 1.44275
6  0.0397335, 1.24048  0.118551, 1.26025  0.151098, 1.29308  0.169929, 1.37193  0.0876233, 1.36064  0.0503608, 1.32305
6  0.0105504, 1.11942  0.0849694, 1.14729  0.111158, 1.18139  0.118551, 1.26025  0.0397335, 1.24048  0.00928393, 1.20083
6  0.000348122, 1.00041  0.0692861, 1.03587  0.0890191, 1.07006  0.0849694, 1.14729  0.0105504, 1.11942  -0.0129195, 1.07876
6  0.00901007, 0.886626  0.0714203, 0.92905  0.0847564, 0.96204  0.0692861, 1.03587  0.000348122, 1.00041  -0.0159194, 0.960172
6  0.0339104, 0.780223  0.0899545, 0.82858  0.0978197, 0.859925  0.0714203, 0.92905  0.00901007, 0.886626  -0.000654727, 0.848109
6  0.0709926, 0.680555  0.121395, 0.733996  0.125318, 0.764699  0.0899545, 0.82858  0.0339104, 0.780223  0.0291877, 0.743261
6  0.117068, 0.585492  0.162584, 0.643357  0.163497, 0.674651  0.121395, 0.733996  0.0709926, 0.680555  0.0699291, 0.644128
6  0.169963, 0.492922  0.211328, 0.554631  0.209721, 0.587456  0.162584, 0.643357  0.117068, 0.585492  0.118871, 0.548661
6  0.228158, 0.401094  0.266096, 0.466126  0.262265, 0.501049  0.211328, 0.554631  0.169963, 0.492922  0.174121, 0.455011
6  0.290479, 0.30865  0.325714, 0.376533  0.319927, 0.413834  0.266096, 0.466126  0.228158, 0.401094  0.234272, 0.361685
8  0.355896, 0.214524  0.372524, 0.250732  0.378291, 0.288743  0.372378, 0.322213  0.353953, 0.351037  0.325714, 0.376533  0.290479, 0.30865  0.298166, 0.267505
5  0.364752, 0.171487  0.394059, 0.145119  0.426531, 0.207121  0.372524, 0.250732  0.355896, 0.214524
3  0.21564, 1.58296  0.171685, 1.61886  0.193864, 1.56885
6  0.110124, 1.44275  0.154132, 1.47733  0.166406, 1.53045  0.10293, 1.54635  0.0455979, 1.4843  0.0526854, 1.445
8  -0.0317444, 1.2995  0.0503608, 1.32305  0.0876233, 1.36064  0.110124, 1.44275  0.0526854, 1.445  0.0028173, 1.41341  -0.0148795, 1.39414  -0.0296157, 1.34875
6  -0.0679722, 1.16869  0.00928393, 1.20083  0.0397335, 1.24048  0.0503608, 1.32305  -0.0317444, 1.2995  -0.0663407, 1.25445
6  -0.0841167, 1.03865  -0.0129195, 1.07876  0.0105504, 1.11942  0.00928393, 1.20083  -0.0679722, 1.16869  -0.0950597, 1.12177
6  -0.0798482, 0.913133  -0.0159194, 0.960172  0.000348122, 1.00041  -0.0129195, 1.07876  -0.0841167, 1.03865  -0.103204, 0.991429
6  -0.0575194, 0.79557  -0.000654727, 0.848109  0.00901007, 0.886626  -0.0159194, 0.960172  -0.0798482, 0.913133  -0.0912393, 0.867736
6  -0.021516, 0.686327  0.0291877, 0.743261  0.0339104, 0.780223  -0.000654727, 0.848109  -0.0575194, 0.79557  -0.0630111, 0.75259
6  0.0244199, 0.583444  0.0699291, 0.644128  0.0709926, 0.680555  0.0291877, 0.743261  -0.021516, 0.686327  -0.0227245, 0.644936
6  0.0776664, 0.484748  0.118871, 0.548661  0.117068, 0.585492  0.0699291, 0.644128  0.0244199, 0.583444  0.0264142, 0.542708
6  0.136393, 0.388329  0.174121, 0.455011  0.169963, 0.492922  0.118871, 0.548661  0.0776664, 0.484748  0.0821466, 0.443903
6  0.199227, 0.292653  0.234272, 0.361685  0.228158, 0.401094  0.174121, 0.455011  0.136393, 0.388329  0.142829, 0.346839
6  0.265025, 0.196504  0.298166, 0.267505  0.290479, 0.30865  0.234272, 0.361685  0.199227, 0.292653  0.207163, 0.250174
6  0.332735, 0.0988547  0.364752, 0.171487  0.355896, 0.214524  0.298166, 0.267505  0.265025, 0.196504  0.274018, 0.152802
7  0.342325, 0.053728  0.394631, 0.0224528  0.418429, 0.0707392  0.41112, 0.112241  0.394059, 0.145119  0.364752, 0.171487  0.332735, 0.0988547
3  0.415593, -0.0353975  0.466837, -0.0166707  0.411901, -0.0146413
3  0.0028173, 1.41341  -0.048307, 1.43296  -0.0148795, 1.39414
6  -0.0663407, 1.25445  -0.0317444, 1.2995  -0.0296157, 1.34875  -0.101853, 1.3521  -0.138909, 1.27241  -0.120027, 1.24135
8  -0.168621, 1.07678  -0.0950597, 1.12177  -0.0679722, 1.16869  -0.0663407, 1.25445  -0.120027, 1.24135  -0.162169, 1.19379  -0.174441, 1.17045  -0.173588, 1.11957
6  -0.16874, 0.939507  -0.103204, 0.991429  -0.0841167, 1.03865  -0.0950597, 1.12177  -0.168621, 1.07678  -0.19045, 1.02278
6  -0.148965, 0.810793  -0.0912393, 0.867736  -0.0798482, 0.913133  -0.103204, 0.991429  -0.16874, 0.939507  -0.181805, 0.887438
6  -0.114027, 0.692  -0.0630111, 0.75259  -0.0575194, 0.79557  -0.0912393, 0.867736  -0.148965, 0.810793  -0.155203, 0.761971
6  -0.0682252, 0.581328  -0.0227245, 0.644936  -0.021516, 0.686327  -0.0630111, 0.75259  -0.114027, 0.692  -0.115377, 0.645775
6  -0.0146259, 0.476534  0.0264142, 0.542708  0.0244199, 0.583444  -0.0227245, 0.644936  -0.0682252, 0.581328  -0.0660438, 0.536772
6  0.0446304, 0.375542  0.0821466, 0.443903  0.0776664, 0.484748  0.0264142, 0.542708  -0.0146259, 0.476534  -0.00982907, 0.432802
6  0.107977, 0.276645  0.142829, 0.346839  0.136393, 0.388329  0.0821466, 0.443903  0.0446304, 0.375542  0.0513863, 0.331996
6  0.174155, 0.178481  0.207163, 0.250174  0.199227, 0.292653  0.142829, 0.346839  0.107977, 0.276645  0.116161, 0.232843
6  0.242052, 0.0799213  0.274018, 0.152802  0.265025, 0.196504  0.207163, 0.250174  0.174155, 0.178481  0.183284, 0.134117
6  0.310595, -0.0200613  0.342325, 0.053728  0.332735, 0.0988547  0.274018, 0.152802  0.242052, 0.0799213  0.251651, 0.0347542
8  0.378687, -0.122534  0.411352, -0.0744118  0.415593, -0.0353975  0.411901, -0.0146413  0.394631, 0.0224528  0.342325, 0.053728  0.310595, -0.0200613  0.320177, -0.0662808
6  0.387729, -0.170131  0.434396, -0.202624  0.462727, -0.165363  0.456665, -0.108884  0.411352, -0.0744118  0.378687, -0.122534
3  0.455184, -0.2683  0.504265, -0.254414  0.45235, -0.24644
3  -0.162169, 1.19379  -0.215246, 1.19499  -0.174441, 1.17045
6  -0.19045, 1.02278  -0.168621, 1.07678  -0.173588, 1.11957  -0.255438, 1.10455  -0.262887, 1.01571  -0.237181, 0.994661
7  -0.240423, 0.825925  -0.181805, 0.887438  -0.16874, 0.939507  -0.19045, 1.02278  -0.237181, 0.994661  -0.277927, 0.911128  -0.255193, 0.863741
6  -0.206541, 0.697599  -0.155203, 0.761971  -0.148965, 0.810793  -0.181805, 0.887438  -0.240423, 0.825925  -0.24739, 0.771396
6  -0.160868, 0.579159  -0.115377, 0.645775  -0.114027, 0.692  -0.155203, 0.761971  -0.206541, 0.697599  -0.208029, 0.646642
6  -0.106914, 0.468286  -0.0660438, 0.536772  -0.0682252, 0.581328  -0.115377, 0.645775  -0.160868, 0.579159  -0.158503, 0.530852
6  -0.0471288, 0.362737  -0.00982907, 0.432802  -0.0146259, 0.476534  -0.0660438, 0.536772  -0.106914, 0.468286  -0.101806, 0.421709
6  0.0167287, 0.260629  0.0513863, 0.331996  0.0446304, 0.375542  -0.00982907, 0.432802  -0.0471288, 0.362737  -0.0400571, 0.317155
6  0.0832863, 0.160454  0.116161, 0.232843  0.107977, 0.276645  0.0513863, 0.331996  0.0167287, 0.260629  0.0251582, 0.215512
6  0.151369, 0.0609876  0.183284, 0.134117  0.174155, 0.178481  0.116161, 0.232843  0.0832863, 0.160454  0.0925507, 0.115431
6  0.219882, -0.0388451  0.251651, 0.0347542  0.242052, 0.0799213  0.183284, 0.134117  0.151369, 0.0609876  0.160977, 0.0157805
6  0.28773, -0.140102  0.320177, -0.0662808  0.310595, -0.0200613  0.251651, 0.0347542  0.219882, -0.0388451  0.229345, -0.0844907
6  0.353745, -0.243965  0.387729, -0.170131  0.378687, -0.122534  0.320177, -0.0662808  0.28773, -0.140102  0.296542, -0.186487
8  0.416584, -0.351869  0.446178, -0.30898  0.455184, -0.2683  0.45235, -0.24644  0.434396, -0.202624  0.387729, -0.170131  0.353745, -0.243965  0.36135, -0.291505
6  0.422321, -0.401155  0.462426, -0.436621  0.49449, -0.412832  0.496113, -0.34126  0.446178, -0.30898  0.416584, -0.351869
5  0.52284, -0.474773  0.476849, -0.487237  0.47744, -0.509918  0.523837, -0.517239  0.52228, -0.488352
5  -0.24739, 0.771396  -0.240423, 0.825925  -0.255193, 0.863741  -0.327469, 0.824393  -0.279139, 0.736261
8  -0.253508, 0.576947  -0.208029, 0.646642  -0.206541, 0.697599  -0.24739, 0.771396  -0.279139, 0.736261  -0.294589, 0.712726  -0.300402, 0.657089  -0.276035, 0.610585
6  -0.1992, 0.460009  -0.158503, 0.530852  -0.160868, 0.579159  -0.208029, 0.646642  -0.253508, 0.576947  -0.250962, 0.524946
6  -0.138885, 0.349914  -0.101806, 0.421709  -0.106914, 0.468286  -0.158503, 0.530852  -0.1992, 0.460009  -0.193783, 0.410623
6  -0.0745179, 0.244604  -0.0400571, 0.317155  -0.0471288, 0.362737  -0.101806, 0.421709  -0.138885, 0.349914  -0.131501, 0.302317
6  -0.00758227, 0.142425  0.0251582, 0.215512  0.0167287, 0.260629  -0.0400571, 0.317155  -0.0745179, 0.244604  -0.0658444, 0.19818
6  0.0606864, 0.0420535  0.0925507, 0.115431  0.0832863, 0.160454  0.0251582, 0.215512  -0.00758227, 0.142425  0.00181737, 0.0967444
6  0.129168, -0.0576281  0.160977, 0.0157805  0.151369, 0.0609876  0.0925507, 0.115431  0.0606864, 0.0420535  0.0703027, -0.00319307
6  0.196773, -0.157671  0.229345, -0.0844907  0.219882, -0.0388451  0.160977, 0.0157805  0.129168, -0.0576281  0.138512, -0.102698
6  0.262365, -0.259193  0.296542, -0.186487  0.28773, -0.140102  0.229345, -0.0844907  0.196773, -0.157671  0.205354, -0.202837
6  0.324677, -0.363516  0.36135, -0.291505  0.353745, -0.243965  0.296542, -0.186487  0.262365, -0.259193  0.269664, -0.304814
6  0.382164, -0.47228  0.422321, -0.401155  0.416584, -0.351869  0.36135, -0.291505  0.324677, -0.363516  0.330099, -0.410103
8  0.43278, -0.587508  0.460589, -0.550916  0.47744, -0.509918  0.476849, -0.487237  0.462426, -0.436621  0.422321, -0.401155  0.382164, -0.47228  0.384951, -0.520547
6  0.431863, -0.638362  0.463203, -0.67826  0.497136, -0.666114  0.515198, -0.589283  0.460589, -0.550916  0.43278, -0.587508
5  -0.250962, 0.524946  -0.253508, 0.576947  -0.276035, 0.610585  -0.332668, 0.556196  -0.27049, 0.48909
8  -0.23064, 0.337077  -0.193783, 0.410623  -0.1992, 0.460009  -0.250962, 0.524946  -0.27049, 0.48909  -0.284889, 0.454105  -0.281751, 0.409344  -0.257502, 0.367384
6  -0.165763, 0.228571  -0.131501, 0.302317  -0.138885, 0.349914  -0.193783, 0.410623  -0.23064, 0.337077  -0.222945, 0.287481
6  -0.0984502, 0.124392  -0.0658444, 0.19818  -0.0745179, 0.244604  -0.131501, 0.302317  -0.165763, 0.228571  -0.156847, 0.180849
6  -0.0299962, 0.0231191  0.00181737, 0.0967444  -0.00758227, 0.142425  -0.0658444, 0.19818  -0.0984502, 0.124392  -0.0889159, 0.0780571
6  0.0384548, -0.0764105  0.0703027, -0.00319307  0.0606864, 0.0420535  0.00181737, 0.0967444  -0.0299962, 0.0231191  -0.0203715, -0.0221666
6  0.105816, -0.175239  0.138512, -0.102698  0.129168, -0.0576281  0.0703027, -0.00319307  0.0384548, -0.0764105  0.047679, -0.120903
6  0.170986, -0.274424  0.205354, -0.202837  0.196773, -0.157671  0.138512, -0.102698  0.105816, -0.175239  0.114164, -0.219179
6  0.23277, -0.37517  0.269664, -0.304814  0.262365, -0.259193  0.205354, -0.202837  0.170986, -0.274424  0.177975, -0.318108
6  0.289758, -0.478955  0.330099, -0.410103  0.324677, -0.363516  0.269664, -0.304814  0.23277, -0.37517  0.237874, -0.419024
6  0.340125, -0.587614  0.384951, -0.520547  0.382164, -0.47228  0.330099, -0.410103  0.289758, -0.478955  0.292335, -0.523597
6  0.381341, -0.703293  0.431863, -0.638362  0.43278, -0.587508  0.384951, -0.520547  0.340125, -0.587614  0.339292, -0.633871
7  0.409811, -0.828123  0.436834, -0.798199  0.474668, -0.758249  0.463203, -0.67826  0.431863, -0.638362  0.381341, -0.703293  0.375789, -0.752096
6  0.397657, -0.880189  0.416535, -0.925164  0.450053, -0.924309  0.4911, -0.852049  0.436834, -0.798199  0.409811, -0.828123
5  -0.222945, 0.287481  -0.23064, 0.337077  -0.257502, 0.367384  -0.300381, 0.304891  -0.239632, 0.250288
8  -0.189318, 0.106356  -0.156847, 0.180849  -0.165763, 0.228571  -0.222945, 0.287481  -0.239632, 0.250288  -0.246378, 0.210757  -0.239299, 0.172069  -0.21824, 0.134343
6  -0.120679, 0.0041844  -0.0889159, 0.0780571  -0.0984502, 0.124392  -0.156847, 0.180849  -0.189318, 0.106356  -0.179649, 0.0593691
6  -0.052259, -0.0951922  -0.0203715, -0.0221666  -0.0299962, 0.0231191  -0.0889159, 0.0780571  -0.120679, 0.0041844  -0.111046, -0.0411399
6  0.0148589, -0.192808  0.047679, -0.120903  0.0384548, -0.0764105  -0.0203715, -0.0221666  -0.052259, -0.0951922  -0.043155, -0.139104
6  0.0796074, -0.289656  0.114164, -0.219179  0.105816, -0.175239  0.047679, -0.120903  0.0148589, -0.192808  0.0229722, -0.235512
6  0.140864, -0.38683  0.177975, -0.318108  0.170986, -0.274424  0.114164, -0.219179  0.0796074, -0.289656  0.0862834, -0.331384
6  0.197352, -0.485644  0.237874, -0.419024  0.23277, -0.37517  0.177975, -0.318108  0.140864, -0.38683  0.145646, -0.427913
6  0.24747, -0.587746  0.292335, -0.523597  0.289758, -0.478955  0.237874, -0.419024  0.197352, -0.485644  0.199716, -0.526597
6  0.289036, -0.695115  0.339292, -0.633871  0.340125, -0.587614  0.292335, -0.523597  0.24747, -0.587746  0.246721, -0.629308
6  0.31895, -0.809843  0.375789, -0.752096  0.381341, -0.703293  0.339292, -0.633871  0.289036, -0.695115  0.284134, -0.738211
6  0.333078, -0.933194  0.397657, -0.880189  0.409811, -0.828123  0.375789, -0.752096  0.31895, -0.809843  0.308331, -0.855334
7  0.327324, -1.06365  0.360874, -1.04182  0.404255, -1.01523  0.416535, -0.925164  0.397657, -0.880189  0.333078, -0.933194  0.314887, -0.980732
5  0.301004, -1.11115  0.300426, -1.15141  0.390137, -1.11131  0.360874, -1.04182  0.327324, -1.06365
5  -0.179649, 0.0593691  -0.189318, 0.106356  -0.21824, 0.134343  -0.250432, 0.0682723  -0.195361, 0.021987
7  -0.111046, -0.0411399  -0.120679, 0.0041844  -0.179649, 0.0593691  -0.195361, 0.021987  -0.197612, -0.0162413  -0.187413, -0.0571629  -0.146718, -0.0917938
8  -0.0760982, -0.210375  -0.043155, -0.139104  -0.052259, -0.0951922  -0.111046, -0.0411399  -0.146718, -0.0917938  -0.147357, -0.130854  -0.142782, -0.150102  -0.127195, -0.179466
6  -0.0117711, -0.304891  0.0229722, -0.235512  0.0148589, -0.192808  -0.043155, -0.139104  -0.0760982, -0.210375  -0.068221, -0.251837
6  0.0489592, -0.398496  0.0862834, -0.331384  0.0796074, -0.289656  0.0229722, -0.235512  -0.0117711, -0.304891  -0.00541142, -0.344641
6  0.104947, -0.492349  0.145646, -0.427913  0.140864, -0.38683  0.0862834, -0.331384  0.0489592, -0.398496  0.0534133, -0.436766
6  0.154814, -0.587907  0.199716, -0.526597  0.197352, -0.485644  0.145646, -0.427913  0.104947, -0.492349  0.107094, -0.529534
6  0.196725, -0.686986  0.246721, -0.629308  0.24747, -0.587746  0.199716, -0.526597  0.154814, -0.587907  0.154152, -0.624654
6  0.228073, -0.791634  0.284134, -0.738211  0.289036, -0.695115  0.246721, -0.629308  0.196725, -0.686986  0.192492, -0.724207
6  0.24526, -0.903479  0.308331, -0.855334  0.31895, -0.809843  0.284134, -0.738211  0.228073, -0.791634  0.219035, -0.830349
6  0.244427, -1.02212  0.314887, -0.980732  0.333078, -0.933194  0.308331, -0.855334  0.24526, -0.903479  0.229749, -0.944014
6  0.224269, -1.14466  0.301004, -1.11115  0.327324, -1.06365  0.314887, -0.980732  0.244427, -1.02212  0.221639, -1.06324
8  0.185141, -1.26762  0.223244, -1.25575  0.269145, -1.23488  0.301729, -1.18072  0.300426, -1.15141  0.301004, -1.11115  0.224269, -1.14466  0.194444, -1.18486
5  0.148456, -1.30584  0.13818, -1.34449  0.225772, -1.3289  0.223244, -1.25575  0.185141, -1.26762
3  -0.147357, -0.130854  -0.197253, -0.15356  -0.142782, -0.150102
6  -0.068221, -0.251837  -0.0760982, -0.210375  -0.127195, -0.179466  -0.152363, -0.22823  -0.140862, -0.272571  -0.104101, -0.299853
8  -0.0429452, -0.410169  -0.00541142, -0.344641  -0.0117711, -0.304891  -0.068221, -0.251837  -0.104101, -0.299853  -0.10511, -0.336478  -0.101766, -0.354005  -0.0903784, -0.377938
6  0.0125432, -0.499069  0.0534133, -0.436766  0.0489592, -0.398496  -0.00541142, -0.344641  -0.0429452, -0.410169  -0.0388244, -0.445575
6  0.0621583, -0.5881  0.107094, -0.529534  0.104947, -0.492349  0.0534133, -0.436766  0.0125432, -0.499069  0.0144673, -0.532394
6  0.104408, -0.678916  0.154152, -0.624654  0.154814, -0.587907  0.107094, -0.529534  0.0621583, -0.5881  0.0615858, -0.619876
6  0.137173, -0.773518  0.192492, -0.724207  0.196725, -0.686986  0.154152, -0.624654  0.104408, -0.678916  0.100869, -0.710034
6  0.157392, -0.873894  0.219035, -0.830349  0.228073, -0.791634  0.192492, -0.724207  0.137173, -0.773518  0.129784, -0.805174
6  0.161465, -0.980707  0.229749, -0.944014  0.24526, -0.903479  0.219035, -0.830349  0.157392, -0.873894  0.144667, -0.907151
6  0.147687, -1.09241  0.221639, -1.06324  0.244427, -1.02212  0.229749, -0.944014  0.161465, -0.980707  0.142328, -1.01524
6  0.115936, -1.20594  0.194444, -1.18486  0.224269, -1.14466  0.221639, -1.06324  0.147687, -1.09241  0.122053, -1.12696
6  0.0663206, -1.31847  0.148456, -1.30584  0.185141, -1.26762  0.194444, -1.18486  0.115936, -1.20594  0.0839, -1.23932
7  0.0279679, -1.34961  0.0204621, -1.41062  0.0845732, -1.41247  0.124422, -1.3755  0.13818, -1.34449  0.148456, -1.30584  0.0663206, -1.31847
3  -0.02629, -1.45391  0.0155327, -1.49388  -0.0062212, -1.44194
3  -0.10511, -0.336478  -0.152776, -0.356996  -0.101766, -0.354005
6  -0.0388244, -0.445575  -0.0429452, -0.410169  -0.0903784, -0.377938  -0.118491, -0.421594  -0.109078, -0.466065  -0.0777039, -0.489349
8  -0.0304985, -0.58833  0.0144673, -0.532394  0.0125432, -0.499069  -0.0388244, -0.445575  -0.0777039, -0.489349  -0.0803259, -0.520182  -0.078988, -0.535314  -0.0736985, -0.551757
6  0.0120831, -0.670917  0.0615858, -0.619876  0.0621583, -0.5881  0.0144673, -0.532394  -0.0304985, -0.58833  -0.0309778, -0.614929
6  0.046246, -0.755522  0.100869, -0.710034  0.104408, -0.678916  0.0615858, -0.619876  0.0120831, -0.670917  0.00927366, -0.695616
6  0.0694532, -0.844497  0.129784, -0.805174  0.137173, -0.773518  0.100869, -0.710034  0.046246, -0.755522  0.0406, -0.779709
6  0.0784099, -0.939464  0.144667, -0.907151  0.157392, -0.873894  0.129784, -0.805174  0.0694532, -0.844497  0.0596676, -0.87007
6  0.0710203, -1.04027  0.142328, -1.01524  0.161465, -0.980707  0.144667, -0.907151  0.0784099, -0.939464  0.06309, -0.96711
6  0.0466549, -1.14434  0.122053, -1.12696  0.147687, -1.09241  0.142328, -1.01524  0.0710203, -1.04027  0.049733, -1.06896
6  0.00531592, -1.24867  0.0839, -1.23932  0.115936, -1.20594  0.122053, -1.12696  0.0466549, -1.14434  0.0194149, -1.17272
6  -0.052985, -1.35049  0.0279679, -1.34961  0.0663206, -1.31847  0.0839, -1.23932  0.00531592, -1.24867  -0.0277898, -1.27555
8  -0.128477, -1.4471  -0.0706017, -1.4671  -0.02629, -1.45391  -0.0062212, -1.44194  0.0204621, -1.41062  0.0279679, -1.34961  -0.052985, -1.35049  -0.0919421, -1.37478
6  -0.173428, -1.46768  -0.196093, -1.52025  -0.136544, -1.53762  -0.0948451, -1.51689  -0.0706017, -1.4671  -0.128477, -1.4471
3  -0.256664, -1.5523  -0.229963, -1.59937  -0.233727, -1.54596
3  -0.0803259, -0.520182  -0.126707, -0.535224  -0.078988, -0.535314
6  -0.0309778, -0.614929  -0.0304985, -0.58833  -0.0736985, -0.551757  -0.103805, -0.58957  -0.100236, -0.628253  -0.0751565, -0.652926
7  -0.0447191, -0.737688  0.00927366, -0.695616  0.0120831, -0.670917  -0.0309778, -0.614929  -0.0751565, -0.652926  -0.0822568, -0.681922  -0.0803994, -0.692543
6  -0.0185964, -0.815388  0.0406, -0.779709  0.046246, -0.755522  0.00927366, -0.695616  -0.0447191, -0.737688  -0.048472, -0.753765
6  -0.00479016, -0.898481  0.0596676, -0.87007  0.0694532, -0.844497  0.0406, -0.779709  -0.0185964, -0.815388  -0.0251993, -0.832644
6  -0.00576894, -0.988293  0.06309, -0.96711  0.0784099, -0.939464  0.0596676, -0.87007  -0.00479016, -0.898481  -0.0160396, -0.918782
6  -0.0227313, -1.08285  0.049733, -1.06896  0.0710203, -1.04027  0.06309, -0.96711  -0.00576894, -0.988293  -0.0224854, -1.01082
6  -0.0557821, -1.17895  0.0194149, -1.17272  0.0466549, -1.14434  0.049733, -1.06896  -0.0227313, -1.08285  -0.0449728, -1.10603
6  -0.10488, -1.27368  -0.0277898, -1.27555  0.00531592, -1.24867  0.0194149, -1.17272  -0.0557821, -1.17895  -0.0834507, -1.20142
6  -0.170131, -1.36429  -0.0919421, -1.37478  -0.052985, -1.35049  -0.0277898, -1.27555  -0.10488, -1.27368  -0.137898, -1.29427
6  -0.251946, -1.44792  -0.173428, -1.46768  -0.128477, -1.4471  -0.0919421, -1.37478  -0.170131, -1.36429  -0.208551, -1.38188
8  -0.351023, -1.52122  -0.303889, -1.55087  -0.256664, -1.5523  -0.233727, -1.54596  -0.196093, -1.52025  -0.173428, -1.46768  -0.251946, -1.44792  -0.295989, -1.46126
6  -0.400975, -1.52871  -0.436465, -1.568  -0.392208, -1.60159  -0.340757, -1.59623  -0.303889, -1.55087  -0.351023, -1.52122
3  -0.510093, -1.58206  -0.500733, -1.63165  -0.485442, -1.58299
6  -0.048472, -0.753765  -0.0447191, -0.737688  -0.0803994, -0.692543  -0.112574, -0.723585  -0.115948, -0.753202  -0.0990126, -0.782325
7  -0.0882305, -0.857933  -0.0251993, -0.832644  -0.0185964, -0.815388  -0.048472, -0.753765  -0.0990126, -0.782325  -0.106693, -0.798356  -0.108064, -0.805733
6  -0.0827478, -0.936575  -0.0160396, -0.918782  -0.00479016, -0.898481  -0.0251993, -0.832644  -0.0882305, -0.857933  -0.0950024, -0.870153
6  -0.0922719, -1.02152  -0.0224854, -1.01082  -0.00576894, -0.988293  -0.0160396, -0.918782  -0.0827478, -0.936575  -0.094554, -0.952488
6  -0.117012, -1.10934  -0.0449728, -1.10603  -0.0227313, -1.08285  -0.0224854, -1.01082  -0.0922719, -1.02152  -0.10922, -1.03918
6  -0.156895, -1.19694  -0.0834507, -1.20142  -0.0557821, -1.17895  -0.0449728, -1.10603  -0.117012, -1.10934  -0.138974, -1.12717
6  -0.211897, -1.28152  -0.137898, -1.29427  -0.10488, -1.27368  -0.0834507, -1.20142  -0.156895, -1.19694  -0.183714, -1.21366
6  -0.282257, -1.36031  -0.208551, -1.38188  -0.170131, -1.36429  -0.137898, -1.29427  -0.211897, -1.28152  -0.243532, -1.29601
6  -0.368517, -1.43017  -0.295989, -1.46126  -0.251946, -1.44792  -0.208551, -1.38188  -0.282257, -1.36031  -0.318847, -1.37139
6  -0.471042, -1.48728  -0.400975, -1.52871  -0.351023, -1.52122  -0.295989, -1.46126  -0.368517, -1.43017  -0.410341, -1.43644
8  -0.588426, -1.52724  -0.554584, -1.56344  -0.510093, -1.58206  -0.485442, -1.58299  -0.436465, -1.568  -0.400975, -1.52871  -0.471042, -1.48728  -0.517737, -1.4869
6  -0.638176, -1.51901  -0.682485, -1.54327  -0.66654, -1.5836  -0.595615, -1.60407  -0.554584, -1.56344  -0.588426, -1.52724
5  -0.740259, -1.58929  -0.736256, -1.54184  -0.756472, -1.53517  -0.781976, -1.57439  -0.756439, -1.58367
6  -0.0950024, -0.870153  -0.0882305, -0.857933  -0.108064, -0.805733  -0.146597, -0.825455  -0.15735, -0.853301  -0.147171, -0.8832
7  -0.162052, -0.960446  -0.094554, -0.952488  -0.0827478, -0.936575  -0.0950024, -0.870153  -0.147171, -0.8832  -0.161592, -0.900005  -0.166386, -0.911782
6  -0.178438, -1.03988  -0.10922, -1.03918  -0.0922719, -1.02152  -0.094554, -0.952488  -0.162052, -0.960446  -0.173254, -0.972117
6  -0.209081, -1.12031  -0.138974, -1.12717  -0.117012, -1.10934  -0.10922, -1.03918  -0.178438, -1.03988  -0.194292, -1.05276
6  -0.253824, -1.19883  -0.183714, -1.21366  -0.156895, -1.19694  -0.138974, -1.12717  -0.209081, -1.12031  -0.229324, -1.13293
6  -0.312724, -1.27274  -0.243532, -1.29601  -0.211897, -1.28152  -0.183714, -1.21366  -0.253824, -1.19883  -0.278299, -1.21004
6  -0.386169, -1.33915  -0.318847, -1.37139  -0.282257, -1.36031  -0.243532, -1.29601  -0.312724, -1.27274  -0.341488, -1.28145
6  -0.474661, -1.39461  -0.410341, -1.43644  -0.368517, -1.43017  -0.318847, -1.37139  -0.386169, -1.33915  -0.419496, -1.34414
6  -0.577643, -1.43512  -0.517737, -1.4869  -0.471042, -1.48728  -0.410341, -1.43644  -0.474661, -1.39461  -0.512679, -1.3943
6  -0.692296, -1.45826  -0.638176, -1.51901  -0.588426, -1.52724  -0.517737, -1.4869  -0.577643, -1.43512  -0.619341, -1.42823
8  -0.814888, -1.46302  -0.79281, -1.502  -0.756472, -1.53517  -0.736256, -1.54184  -0.682485, -1.54327  -0.638176, -1.51901  -0.692296, -1.45826  -0.736125, -1.44432
6  -0.859546, -1.44186  -0.906388, -1.45175  -0.908795, -1.49015  -0.843944, -1.53631  -0.79281, -1.502  -0.814888, -1.46302
6  -0.173254, -0.972117  -0.162052, -0.960446  -0.166386, -0.911782  -0.211883, -0.916863  -0.228872, -0.944168  -0.225041, -0.974163
7  -0.261527, -1.04384  -0.194292, -1.05276  -0.178438, -1.03988  -0.173254, -0.972117  -0.225041, -0.974163  -0.244381, -0.988356  -0.254246, -1.00224
6  -0.295989, -1.11625  -0.229324, -1.13293  -0.209081, -1.12031  -0.194292, -1.05276  -0.261527, -1.04384  -0.274609, -1.052
6  -0.343423, -1.18525  -0.278299, -1.21004  -0.253824, -1.19883  -0.229324, -1.13293  -0.295989, -1.11625  -0.312732, -1.12392
6  -0.404052, -1.24816  -0.341488, -1.28145  -0.312724, -1.27274  -0.278299, -1.21004  -0.343423, -1.18525  -0.363785, -1.19141
6  -0.47853, -1.30193  -0.419496, -1.34414  -0.386169, -1.33915  -0.341488, -1.28145  -0.404052, -1.24816  -0.428315, -1.25179
6  -0.567066, -1.34298  -0.512679, -1.3943  -0.474661, -1.39461  -0.419496, -1.34414  -0.47853, -1.30193  -0.507379, -1.3017
6  -0.668155, -1.36873  -0.619341, -1.42823  -0.577643, -1.43512  -0.512679, -1.3943  -0.567066, -1.34298  -0.600353, -1.33747
6  -0.77862, -1.3777  -0.736125, -1.44432  -0.692296, -1.45826  -0.619341, -1.42823  -0.668155, -1.36873  -0.704615, -1.35713
6  -0.895148, -1.36909  -0.859546, -1.44186  -0.814888, -1.46302  -0.736125, -1.44432  -0.77862, -1.3777  -0.816821, -1.3596
7  -1.01475, -1.34241  -1.00147, -1.37935  -0.979351, -1.43272  -0.906388, -1.45175  -0.859546, -1.44186  -0.895148, -1.36909  -0.933805, -1.3443
6  -1.05273, -1.31078  -1.09816, -1.30761  -1.1126, -1.34046  -1.06578, -1.40547  -1.00147, -1.37935  -1.01475, -1.34241
5  -0.274609, -1.052  -0.261527, -1.04384  -0.254246, -1.00224  -0.301122, -0.991549  -0.315965, -1.04039
8  -0.374484, -1.09786  -0.312732, -1.12392  -0.295989, -1.11625  -0.274609, -1.052  -0.315965, -1.04039  -0.327442, -1.0433  -0.346026, -1.05287  -0.358866, -1.06489
6  -0.422301, -1.15722  -0.363785, -1.19141  -0.343423, -1.18525  -0.312732, -1.12392  -0.374484, -1.09786  -0.385486, -1.10119
6  -0.482809, -1.20926  -0.428315, -1.25179  -0.404052, -1.24816  -0.363785, -1.19141  -0.422301, -1.15722  -0.436551, -1.15936
6  -0.556818, -1.25078  -0.507379, -1.3017  -0.47853, -1.30193  -0.428315, -1.25179  -0.482809, -1.20926  -0.501684, -1.2091
6  -0.644226, -1.27913  -0.600353, -1.33747  -0.567066, -1.34298  -0.507379, -1.3017  -0.556818, -1.25078  -0.581138, -1.24675
6  -0.742491, -1.29231  -0.704615, -1.35713  -0.668155, -1.36873  -0.600353, -1.33747  -0.644226, -1.27913  -0.672951, -1.26999
6  -0.848167, -1.28917  -0.816821, -1.3596  -0.77862, -1.3777  -0.704615, -1.35713  -0.742491, -1.29231  -0.773984, -1.27739
6  -0.958073, -1.26905  -0.933805, -1.3443  -0.895148, -1.36909  -0.816821, -1.3596  -0.848167, -1.28917  -0.880949, -1.26814
6  -1.06933, -1.23141  -1.05273, -1.31078  -1.01475, -1.34241  -0.933805, -1.3443  -0.958073, -1.26905  -0.990858, -1.24175
7  -1.17922, -1.17552  -1.17508, -1.2144  -1.16752, -1.26626  -1.09816, -1.30761  -1.05273, -1.31078  -1.06933, -1.23141  -1.10097, -1.19762
5  -1.20855, -1.1349  -1.24906, -1.11972  -1.24371, -1.21726  -1.17508, -1.2144  -1.17922, -1.17552
5  -0.385486, -1.10119  -0.374484, -1.09786  -0.358866, -1.06489  -0.398481, -1.04227  -0.416258, -1.08393
8  -0.48783, -1.11658  -0.436551, -1.15936  -0.422301, -1.15722  -0.385486, -1.10119  -0.416258, -1.08393  -0.431174, -1.0816  -0.452376, -1.08621  -0.464211, -1.09144
6  -0.547141, -1.15848  -0.501684, -1.2091  -0.482809, -1.20926  -0.436551, -1.15936  -0.48783, -1.11658  -0.495283, -1.11652
6  -0.620632, -1.18942  -0.581138, -1.24675  -0.556818, -1.25078  -0.501684, -1.2091  -0.547141, -1.15848  -0.561567, -1.15609
6  -0.706569, -1.20682  -0.672951, -1.26999  -0.644226, -1.27913  -0.581138, -1.24675  -0.620632, -1.18942  -0.641059, -1.18292
6  -0.801322, -1.20916  -0.773984, -1.27739  -0.742491, -1.29231  -0.672951, -1.26999  -0.706569, -1.20682  -0.730989, -1.19525
6  -0.901491, -1.19562  -0.880949, -1.26814  -0.848167, -1.28917  -0.773984, -1.27739  -0.801322, -1.20916  -0.827975, -1.19207
6  -1.00402, -1.16563  -0.990858, -1.24175  -0.958073, -1.26905  -0.880949, -1.26814  -0.901491, -1.19562  -0.928897, -1.1728
6  -1.10609, -1.11855  -1.10097, -1.19762  -1.06933, -1.23141  -0.990858, -1.24175  -1.00402, -1.16563  -1.03091, -1.1369
6  -1.20486, -1.05349  -1.20855, -1.1349  -1.17922, -1.17552  -1.10097, -1.19762  -1.10609, -1.11855  -1.13129, -1.08366
8  -1.29698, -0.969653  -1.30299, -1.00817  -1.30511, -1.0595  -1.26596, -1.11407  -1.24906, -1.11972  -1.20855, -1.1349  -1.20486, -1.05349  -1.22711, -1.01202
5  -1.31446, -0.921891  -1.34415, -0.896349  -1.3661, -0.984915  -1.30299, -1.00817  -1.29698, -0.969653
5  -0.495283, -1.11652  -0.48783, -1.11658  -0.464211, -1.09144  -0.492857, -1.06286  -0.518805, -1.09088
8  -0.597203, -1.09966  -0.561567, -1.15609  -0.547141, -1.15848  -0.495283, -1.11652  -0.518805, -1.09088  -0.532508, -1.08719  -0.555379, -1.08455  -0.565426, -1.08314
7  -0.670974, -1.12117  -0.641059, -1.18292  -0.620632, -1.18942  -0.561567, -1.15609  -0.597203, -1.09966  -0.607559, -1.09637  -0.614988, -1.09457
6  -0.75468, -1.12902  -0.730989, -1.19525  -0.706569, -1.20682  -0.641059, -1.18292  -0.670974, -1.12117  -0.68776, -1.11322
6  -0.845044, -1.12207  -0.827975, -1.19207  -0.801322, -1.20916  -0.730989, -1.19525  -0.75468, -1.12902  -0.774832, -1.1161
6  -0.938804, -1.09974  -0.928897, -1.1728  -0.901491, -1.19562  -0.827975, -1.19207  -0.845044, -1.12207  -0.866804, -1.10395
6  -1.03303, -1.06149  -1.03091, -1.1369  -1.00402, -1.16563  -0.928897, -1.1728  -0.938804, -1.09974  -0.96075, -1.0763
6  -1.12491, -1.00656  -1.13129, -1.08366  -1.10609, -1.11855  -1.03091, -1.1369  -1.03303, -1.06149  -1.05394, -1.03253
6  -1.21133, -0.934117  -1.22711, -1.01202  -1.20486, -1.05349  -1.13129, -1.08366  -1.12491, -1.00656  -1.14358, -0.971761
6  -1.28866, -0.844388  -1.31446, -0.921891  -1.29698, -0.969653  -1.22711, -1.01202  -1.21133, -0.934117  -1.22626, -0.893368
7  -1.2987, -0.798835  -1.35025, -0.765359  -1.38217, -0.820552  -1.36267, -0.879269  -1.34415, -0.896349  -1.31446, -0.921891  -1.28866, -0.844388
3  -1.36662, -0.710778  -1.42007, -0.732849  -1.36476, -0.732819
6  -0.598704, -1.05058  -0.607559, -1.09637  -0.597203, -1.09966  -0.565426, -1.08314  -0.581129, -1.05525  -0.587944, -1.054
6  -0.68776, -1.11322  -0.670974, -1.12117  -0.614988, -1.09457  -0.640232, -1.05823  -0.664337, -1.04854  -0.701633, -1.05784
7  -0.788798, -1.04836  -0.774832, -1.1161  -0.75468, -1.12902  -0.68776, -1.11322  -0.701633, -1.05784  -0.719049, -1.0426  -0.734212, -1.03832
6  -0.873726, -1.03371  -0.866804, -1.10395  -0.845044, -1.12207  -0.774832, -1.1161  -0.788798, -1.04836  -0.804516, -1.03527
6  -0.960073, -1.00429  -0.96075, -1.0763  -0.938804, -1.09974  -0.866804, -1.10395  -0.873726, -1.03371  -0.890435, -1.01586
6  -1.04503, -0.959499  -1.05394, -1.03253  -1.03303, -1.06149  -0.96075, -1.0763  -0.960073, -1.00429  -0.976469, -0.981579
6  -1.12575, -0.89843  -1.14358, -0.971761  -1.12491, -1.00656  -1.05394, -1.03253  -1.04503, -0.959499  -1.05996, -0.931677
6  -1.19905, -0.820573  -1.22626, -0.893368  -1.21133, -0.934117  -1.14358, -0.971761  -1.12575, -0.89843  -1.138, -0.864969
6  -1.26305, -0.727617  -1.2987, -0.798835  -1.28866, -0.844388  -1.22626, -0.893368  -1.19905, -0.820573  -1.20761, -0.781708
8  -1.31718, -0.622698  -1.36148, -0.667106  -1.36662, -0.710778  -1.36476, -0.732819  -1.35025, -0.765359  -1.2987, -0.798835  -1.26305, -0.727617  -1.26751, -0.684433
6  -1.31763, -0.576417  -1.35791, -0.535599  -1.39836, -0.582228  -1.3947, -0.632026  -1.36148, -0.667106  -1.31718, -0.622698
3  -1.36541, -0.476476  -1.41855, -0.486569  -1.3673, -0.497889
6  -0.804516, -1.03527  -0.788798, -1.04836  -0.734212, -1.03832  -0.744503, -0.996032  -0.771804, -0.977564  -0.805456, -0.98265
7  -0.887262, -0.946878  -0.890435, -1.01586  -0.873726, -1.03371  -0.804516, -1.03527  -0.805456, -0.98265  -0.822507, -0.958554  -0.837278, -0.950865
6  -0.965262, -0.912236  -0.976469, -0.981579  -0.960073, -1.00429  -0.890435, -1.01586  -0.887262, -0.946878  -0.898809, -0.930888
6  -1.04025, -0.862519  -1.05996, -0.931677  -1.04503, -0.959499  -0.976469, -0.981579  -0.965262, -0.912236  -0.976192, -0.891859
6  -1.10948, -0.796572  -1.138, -0.864969  -1.12575, -0.89843  -1.05996, -0.931677  -1.04025, -0.862519  -1.04968, -0.836749
6  -1.17126, -0.714633  -1.20761, -0.781708  -1.19905, -0.820573  -1.138, -0.864969  -1.10948, -0.796572  -1.1165, -0.764669
6  -1.22458, -0.618975  -1.26751, -0.684433  -1.26305, -0.727617  -1.20761, -0.781708  -1.17126, -0.714633  -1.17512, -0.677213
6  -1.26936, -0.512726  -1.31763, -0.576417  -1.31718, -0.622698  -1.26751, -0.684433  -1.22458, -0.618975  -1.22498, -0.577281
8  -1.30643, -0.398894  -1.35133, -0.434887  -1.36541, -0.476476  -1.3673, -0.497889  -1.35791, -0.535599  -1.31763, -0.576417  -1.26936, -0.512726  -1.26648, -0.468019
6  -1.30077, -0.352301  -1.332, -0.309143  -1.37648, -0.349441  -1.38047, -0.389717  -1.35133, -0.434887  -1.30643, -0.398894
3  -1.33393, -0.245783  -1.38433, -0.248665  -1.33792, -0.266645
6  -0.898809, -0.930888  -0.887262, -0.946878  -0.837278, -0.950865  -0.833093, -0.907334  -0.857536, -0.882116  -0.888633, -0.882258
7  -0.954875, -0.826247  -0.976192, -0.891859  -0.965262, -0.912236  -0.898809, -0.930888  -0.888633, -0.882258  -0.900009, -0.853813  -0.911985, -0.843039
6  -1.01997, -0.772289  -1.04968, -0.836749  -1.04025, -0.862519  -0.976192, -0.891859  -0.954875, -0.826247  -0.961264, -0.808798
6  -1.07949, -0.701488  -1.1165, -0.764669  -1.10948, -0.796572  -1.04968, -0.836749  -1.01997, -0.772289  -1.02537, -0.747744
6  -1.13197, -0.615164  -1.17512, -0.677213  -1.17126, -0.714633  -1.1165, -0.764669  -1.07949, -0.701488  -1.08273, -0.670048
6  -1.17677, -0.516391  -1.22498, -0.577281  -1.22458, -0.618975  -1.17512, -0.677213  -1.13197, -0.615164  -1.13233, -0.578172
6  -1.21425, -0.408319  -1.26648, -0.468019  -1.26936, -0.512726  -1.22498, -0.577281  -1.17677, -0.516391  -1.17412, -0.475273
6  -1.24551, -0.293802  -1.30077, -0.352301  -1.30643, -0.398894  -1.26648, -0.468019  -1.21425, -0.408319  -1.20892, -0.364373
8  -1.27201, -0.175336  -1.31386, -0.206432  -1.33393, -0.245783  -1.33792, -0.266645  -1.332, -0.309143  -1.30077, -0.352301  -1.24551, -0.293802  -1.23804, -0.248154
6  -1.2631, -0.128984  -1.28831, -0.086119  -1.33197, -0.116923  -1.34153, -0.159015  -1.31386, -0.206432  -1.27201, -0.175336
6  -0.961264, -0.808798  -0.954875, -0.826247  -0.911985, -0.843039  -0.893929, -0.802463  -0.911684, -0.772823  -0.940747, -0.766853
7  -0.987741, -0.688109  -1.02537, -0.747744  -1.01997, -0.772289  -0.961264, -0.808798  -0.940747, -0.766853  -0.944914, -0.73256  -0.959921, -0.712266
6  -1.03937, -0.611237  -1.08273, -0.670048  -1.07949, -0.701488  -1.02537, -0.747744  -0.987741, -0.688109  -0.990336, -0.662949
6  -1.08417, -0.519997  -1.13233, -0.578172  -1.13197, -0.615164  -1.08273, -0.670048  -1.03937, -0.611237  -1.03968, -0.579093
6  -1.12208, -0.417714  -1.17412, -0.475273  -1.17677, -0.516391  -1.13233, -0.578172  -1.08417, -0.519997  -1.08176, -0.482541
6  -1.15387, -0.307458  -1.20892, -0.364373  -1.21425, -0.408319  -1.17412, -0.475273  -1.12208, -0.417714  -1.11707, -0.37645
6  -1.18086, -0.191924  -1.23804, -0.248154  -1.24551, -0.293802  -1.20892, -0.364373  -1.15387, -0.307458  -1.14671, -0.263672
6  -1.20462, -0.0734793  -1.2631, -0.128984  -1.27201, -0.175336  -1.23804, -0.248154  -1.18086, -0.191924  -1.17217, -0.146724
7  -1.22686, 0.0457116  -1.26397, 0.0171977  -1.29745, -0.0275004  -1.28831, -0.086119  -1.2631, -0.128984  -1.20462, -0.0734793  -1.19512, -0.0278641
6  -1.21729, 0.0907912  -1.23965, 0.132053  -1.28115, 0.113227  -1.29692, 0.060739  -1.26397, 0.0171977  -1.22686, 0.0457116
5  -0.990336, -0.662949  -0.987741, -0.688109  -0.959921, -0.712266  -0.923255, -0.67648  -0.967963, -0.634764
8  -0.992269, -0.538372  -1.03968, -0.579093  -1.03937, -0.611237  -0.990336, -0.662949  -0.967963, -0.634764  -0.9602, -0.612029  -0.960411, -0.586671  -0.968787, -0.554086
7  -1.02989, -0.427074  -1.08176, -0.482541  -1.08417, -0.519997  -1.03968, -0.579093  -0.992269, -0.538372  -0.984554, -0.497971  -0.988412, -0.472926
6  -1.06223, -0.321099  -1.11707, -0.37645  -1.12208, -0.417714  -1.08176, -0.482541  -1.02989, -0.427074  -1.02522, -0.388533
6  -1.08972, -0.208504  -1.14671, -0.263672  -1.15387, -0.307458  -1.11707, -0.37645  -1.06223, -0.321099  -1.05538, -0.279192
6  -1.11382, -0.0918116  -1.17217, -0.146724  -1.18086, -0.191924  -1.14671, -0.263672  -1.08972, -0.208504  -1.08125, -0.164463
6  -1.13619, 0.026716  -1.19512, -0.0278641  -1.20462, -0.0734793  -1.17217, -0.146724  -1.11382, -0.0918116  -1.10442, -0.0467098
6  -1.15857, 0.144954  -1.21729, 0.0907912  -1.22686, 0.0457116  -1.19512, -0.0278641  -1.13619, 0.026716  -1.1266, 0.0718901
7  -1.18263, 0.260783  -1.21444, 0.233582  -1.24723, 0.193641  -1.23965, 0.132053  -1.21729, 0.0907912  -1.15857, 0.144954  -1.14951, 0.189225
6  -1.17479, 0.30311  -1.19726, 0.341869  -1.23449, 0.331207  -1.25404, 0.272399  -1.21444, 0.233582  -1.18263, 0.260783
4  -0.992269, -0.538372  -0.968787, -0.554086  -0.932235, -0.515885  -0.984554, -0.497971
6  -1.02522, -0.388533  -1.02989, -0.427074  -0.988412, -0.472926  -0.954835, -0.435112  -0.951233, -0.404078  -0.979174, -0.3563
8  -0.998569, -0.225076  -1.05538, -0.279192  -1.06223, -0.321099  -1.02522, -0.388533  -0.979174, -0.3563  -0.96594, -0.325984  -0.96351, -0.307398  -0.967703, -0.27005
6  -1.02301, -0.110142  -1.08125, -0.164463  -1.08972, -0.208504  -1.05538, -0.279192  -0.998569, -0.225076  -0.990325, -0.182202
6  -1.04553, 0.00772032  -1.10442, -0.0467098  -1.11382, -0.0918116  -1.08125, -0.164463  -1.02301, -0.110142  -1.01372, -0.0655549
6  -1.06782, 0.126334  -1.1266, 0.0718901  -1.13619, 0.026716  -1.10442, -0.0467098  -1.04553, 0.00772032  -1.03591, 0.0529886
6  -1.0916, 0.24358  -1.14951, 0.189225  -1.15857, 0.144954  -1.1266, 0.0718901  -1.06782, 0.126334  -1.05862, 0.171305
6  -1.11852, 0.357268  -1.17479, 0.30311  -1.18263, 0.260783  -1.14951, 0.189225  -1.0916, 0.24358  -1.08352, 0.287258
7  -1.15008, 0.464991  -1.17746, 0.438169  -1.20495, 0.402826  -1.19726, 0.341869  -1.17479, 0.30311  -1.11852, 0.357268  -1.1122, 0.398555
6  -1.14603, 0.502612  -1.17113, 0.53764  -1.20431, 0.528444  -1.22161, 0.473293  -1.17746, 0.438169  -1.15008, 0.464991
3  -0.96594, -0.325984  -0.916189, -0.324753  -0.96351, -0.307398
6  -0.990325, -0.182202  -0.998569, -0.225076  -0.967703, -0.27005  -0.92787, -0.236029  -0.921667, -0.1974  -0.949157, -0.153071
7  -0.954856, -0.0112754  -1.01372, -0.0655549  -1.02301, -0.110142  -0.990325, -0.182202  -0.949157, -0.153071  -0.920294, -0.105976  -0.932159, -0.0529061
6  -0.977076, 0.107713  -1.03591, 0.0529886  -1.04553, 0.00772032  -1.01372, -0.0655549  -0.954856, -0.0112754  -0.945221, 0.0340866
6  -1.00058, 0.226378  -1.05862, 0.171305  -1.06782, 0.126334  -1.03591, 0.0529886  -0.977076, 0.107713  -0.967728, 0.153381
6  -1.02705, 0.342592  -1.08352, 0.287258  -1.0916, 0.24358  -1.05862, 0.171305  -1.00058, 0.226378  -0.992242, 0.271396
6  -1.05808, 0.454068  -1.1122, 0.398555  -1.11852, 0.357268  -1.08352, 0.287258  -1.02705, 0.342592  -1.02041, 0.385951
6  -1.09507, 0.558234  -1.14603, 0.502612  -1.15008, 0.464991  -1.1122, 0.398555  -1.05808, 0.454068  -1.05372, 0.494631
7  -1.139, 0.652155  -1.16313, 0.624076  -1.18106, 0.593977  -1.17113, 0.53764  -1.14603, 0.502612  -1.09507, 0.558234  -1.09337, 0.59467
6  -1.13996, 0.682903  -1.16938, 0.712337  -1.19842, 0.700524  -1.20929, 0.653282  -1.16313, 0.624076  -1.139, 0.652155
6  -0.945221, 0.0340866  -0.954856, -0.0112754  -0.932159, -0.0529061  -0.884851, -0.0265835  -0.877883, 0.0286346  -0.90891, 0.0626043
7  -0.90955, 0.209176  -0.967728, 0.153381  -0.977076, 0.107713  -0.945221, 0.0340866  -0.90891, 0.0626043  -0.875473, 0.118289  -0.892799, 0.172208
6  -0.935578, 0.327918  -0.992242, 0.271396  -1.00058, 0.226378  -0.967728, 0.153381  -0.90955, 0.209176  -0.900969, 0.255526
6  -0.966087, 0.443153  -1.02041, 0.385951  -1.02705, 0.342592  -0.992242, 0.271396  -0.935578, 0.327918  -0.928624, 0.373327
6  -1.0026, 0.55247  -1.05372, 0.494631  -1.05808, 0.454068  -1.02041, 0.385951  -0.966087, 0.443153  -0.961411, 0.48661
6  -1.04635, 0.653116  -1.09337, 0.59467  -1.09507, 0.558234  -1.05372, 0.494631  -1.0026, 0.55247  -1.00071, 0.592819
6  -1.09795, 0.74199  -1.13996, 0.682903  -1.139, 0.652155  -1.09337, 0.59467  -1.04635, 0.653116  -1.04747, 0.68902
7  -1.15715, 0.81591  -1.17567, 0.784959  -1.18368, 0.760045  -1.16938, 0.712337  -1.13996, 0.682903  -1.09795, 0.74199  -1.10185, 0.771985
6  -1.16293, 0.8387  -1.19693, 0.860099  -1.22093, 0.8432  -1.22045, 0.804305  -1.17567, 0.784959  -1.15715, 0.81591
6  -0.900969, 0.255526  -0.90955, 0.209176  -0.892799, 0.172208  -0.83732, 0.192282  -0.835642, 0.263313  -0.869343, 0.284749
7  -0.874088, 0.432245  -0.928624, 0.373327  -0.935578, 0.327918  -0.900969, 0.255526  -0.869343, 0.284749  -0.836789, 0.348621  -0.855891, 0.397315
6  -0.910135, 0.546724  -0.961411, 0.48661  -0.966087, 0.443153  -0.928624, 0.373327  -0.874088, 0.432245  -0.869105, 0.478554
6  -0.953694, 0.654113  -1.00071, 0.592819  -1.0026, 0.55247  -0.961411, 0.48661  -0.910135, 0.546724  -0.908063, 0.5909
6  -1.00576, 0.751453  -1.04747, 0.68902  -1.04635, 0.653116  -1.00071, 0.592819  -0.953694, 0.654113  -0.954971, 0.695
6  -1.06655, 0.835532  -1.10185, 0.771985  -1.09795, 0.74199  -1.04747, 0.68902  -1.00576, 0.751453  -1.01048, 0.787759
6  -1.13531, 0.903591  -1.16293, 0.8387  -1.15715, 0.81591  -1.10185, 0.771985  -1.06655, 0.835532  -1.07429, 0.866025
7  -1.21012, 0.954701  -1.21938, 0.919565  -1.21762, 0.897784  -1.19693, 0.860099  -1.16293, 0.8387  -1.13531, 0.903591  -1.14527, 0.927972
5  -1.22138, 0.974217  -1.25622, 0.983537  -1.26263, 0.930104  -1.21938, 0.919565  -1.21012, 0.954701
6  -0.869105, 0.478554  -0.874088, 0.432245  -0.855891, 0.397315  -0.798505, 0.423512  -0.808134, 0.496261  -0.842589, 0.509412
7  -0.861043, 0.655141  -0.908063, 0.5909  -0.910135, 0.546724  -0.869105, 0.478554  -0.842589, 0.509412  -0.817245, 0.581663  -0.839137, 0.623352
6  -0.913581, 0.760982  -0.954971, 0.695  -0.953694, 0.654113  -0.908063, 0.5909  -0.861043, 0.655141  -0.862472, 0.700878
6  -0.975991, 0.855291  -1.01048, 0.787759  -1.00576, 0.751453  -0.954971, 0.695  -0.913581, 0.760982  -0.91909, 0.803348
6  -1.04795, 0.934718  -1.07429, 0.866025  -1.06655, 0.835532  -1.01048, 0.787759  -0.975991, 0.855291  -0.985574, 0.89303
6  -1.12767, 0.997181  -1.14527, 0.927972  -1.13531, 0.903591  -1.07429, 0.866025  -1.04795, 0.934718  -1.06103, 0.966729
6  -1.21184, 1.04352  -1.22138, 0.974217  -1.21012, 0.954701  -1.14527, 0.927972  -1.12767, 0.997181  -1.14296, 1.02367
8  -1.29358, 1.07054  -1.29805, 1.03887  -1.28474, 1.01515  -1.27139, 0.997117  -1.25622, 0.983537  -1.22138, 0.974217  -1.21184, 1.04352  -1.22826, 1.06523
4  -1.29358, 1.07054  -1.31084, 1.0868  -1.34092, 1.04615  -1.29805, 1.03887
5  -0.862472, 0.700878  -0.861043, 0.655141  -0.839137, 0.623352  -0.791824, 0.660694  -0.842949, 0.733973
7  -0.91909, 0.803348  -0.913581, 0.760982  -0.862472, 0.700878  -0.842949, 0.733973  -0.832025, 0.749332  -0.832257, 0.809998  -0.880604, 0.852262
7  -0.960688, 0.966063  -0.985574, 0.89303  -0.975991, 0.855291  -0.91909, 0.803348  -0.880604, 0.852262  -0.878454, 0.878505  -0.9001, 0.935875
6  -1.04538, 1.03992  -1.06103, 0.966729  -1.04795, 0.934718  -0.985574, 0.89303  -0.960688, 0.966063  -0.976709, 1.00528
6  -1.13562, 1.09631  -1.14296, 1.02367  -1.12767, 0.997181  -1.06103, 0.966729  -1.04538, 1.03992  -1.06444, 1.07294
6  -1.22832, 1.13678  -1.22826, 1.06523  -1.21184, 1.04352  -1.14296, 1.02367  -1.13562, 1.09631  -1.15632, 1.12369
7  -1.32107, 1.16279  -1.32217, 1.10257  -1.31084, 1.0868  -1.29358, 1.07054  -1.22826, 1.06523  -1.22832, 1.13678  -1.24956, 1.15908
6  -1.34176, 1.1803  -1.39812, 1.17047  -1.38578, 1.12388  -1.36764, 1.10789  -1.32217, 1.10257  -1.32107, 1.16279
4  -0.9001, 0.935875  -0.878454, 0.878505  -0.826591, 0.897808  -0.886033, 0.955996
7  -0.976709, 1.00528  -0.960688, 0.966063  -0.9001, 0.935875  -0.886033, 0.955996  -0.883106, 0.976215  -0.899611, 1.03581  -0.955859, 1.05853
8  -1.05952, 1.14926  -1.06444, 1.07294  -1.04538, 1.03992  -0.976709, 1.00528  -0.955859, 1.05853  -0.962453, 1.09183  -0.973148, 1.10975  -1.00182, 1.1409
6  -1.15889, 1.19821  -1.15632, 1.12369  -1.13562, 1.09631  -1.06444, 1.07294  -1.05952, 1.14926  -1.08429, 1.18203
6  -1.25874, 1.2314  -1.24956, 1.15908  -1.22832, 1.13678  -1.15632, 1.12369  -1.15889, 1.19821  -1.18459, 1.22518
6  -1.35677, 1.24998  -1.34176, 1.1803  -1.32107, 1.16279  -1.24956, 1.15908  -1.25874, 1.2314  -1.28428, 1.25301
7  -1.45054, 1.25463  -1.43978, 1.19989  -1.42083, 1.17847  -1.39812, 1.17047  -1.34176, 1.1803  -1.35677, 1.24998  -1.38094, 1.26646
6  -1.47181, 1.26607  -1.52265, 1.24655  -1.5058, 1.20767  -1.48302, 1.19415  -1.43978, 1.19989  -1.45054, 1.25463
3  -0.962453, 1.09183  -0.920688, 1.12181  -0.973148, 1.10975
6  -1.08429, 1.18203  -1.05952, 1.14926  -1.00182, 1.1409  -0.993933, 1.18405  -1.0217, 1.22767  -1.07881, 1.23529
8  -1.19653, 1.30011  -1.18459, 1.22518  -1.15889, 1.19821  -1.08429, 1.18203  -1.07881, 1.23529  -1.09433, 1.26789  -1.1086, 1.28224  -1.14308, 1.30335
6  -1.30209, 1.32482  -1.28428, 1.25301  -1.25874, 1.2314  -1.18459, 1.22518  -1.19653, 1.30011  -1.22669, 1.32564
6  -1.40395, 1.33475  -1.38094, 1.26646  -1.35677, 1.24998  -1.28428, 1.25301  -1.30209, 1.32482  -1.33136, 1.34477
6  -1.49946, 1.3304  -1.47181, 1.26607  -1.45054, 1.25463  -1.38094, 1.26646  -1.40395, 1.33475  -1.43103, 1.34932
7  -1.58536, 1.31214  -1.5636, 1.26319  -1.54661, 1.2504  -1.52265, 1.24655  -1.47181, 1.26607  -1.49946, 1.3304  -1.52264, 1.33976
6  -1.60217, 1.31666  -1.64696, 1.28685  -1.6241, 1.25549  -1.60273, 1.24874  -1.5636, 1.26319  -1.58536, 1.31214
3  -1.09433, 1.26789  -1.06453, 1.30627  -1.1086, 1.28224
6  -1.22669, 1.32564  -1.19653, 1.30011  -1.14308, 1.30335  -1.14846, 1.35167  -1.17835, 1.37908  -1.23332, 1.37543
7  -1.35747, 1.41494  -1.33136, 1.34477  -1.30209, 1.32482  -1.22669, 1.32564  -1.23332, 1.37543  -1.25962, 1.41569  -1.31006, 1.42705
6  -1.46191, 1.41514  -1.43103, 1.34932  -1.40395, 1.33475  -1.33136, 1.34477  -1.35747, 1.41494  -1.39006, 1.43248
6  -1.55792, 1.40069  -1.52264, 1.33976  -1.49946, 1.3304  -1.43103, 1.34932  -1.46191, 1.41514  -1.4916, 1.42713
6  -1.64202, 1.37207  -1.60217, 1.31666  -1.58536, 1.31214  -1.52264, 1.33976  -1.55792, 1.40069  -1.58287, 1.40741
7  -1.71107, 1.33071  -1.67564, 1.29015  -1.66503, 1.28611  -1.64696, 1.28685  -1.60217, 1.31666  -1.64202, 1.37207  -1.66009, 1.37434
6  -1.72111, 1.33049  -1.75499, 1.29091  -1.72839, 1.26814  -1.70763, 1.26732  -1.67564, 1.29015  -1.71107, 1.33071
6  -1.39006, 1.43248  -1.35747, 1.41494  -1.31006, 1.42705  -1.32617, 1.47497  -1.35917, 1.49175  -1.40649, 1.47709
7  -1.53066, 1.48929  -1.4916, 1.42713  -1.46191, 1.41514  -1.39006, 1.43248  -1.40649, 1.47709  -1.44347, 1.51113  -1.49062, 1.50911
6  -1.62633, 1.46346  -1.58287, 1.40741  -1.55792, 1.40069  -1.4916, 1.42713  -1.53066, 1.48929  -1.56313, 1.49803
6  -1.70801, 1.42343  -1.66009, 1.37434  -1.64202, 1.37207  -1.58287, 1.40741  -1.62633, 1.46346  -1.65349, 1.46688
6  -1.77343, 1.3722  -1.72111, 1.33049  -1.71107, 1.33071  -1.66009, 1.37434  -1.70801, 1.42343  -1.72844, 1.42299
7  -1.8227, 1.31345  -1.77871, 1.28712  -1.76936, 1.28642  -1.75499, 1.29091  -1.72111, 1.33049  -1.77343, 1.3722  -1.7871, 1.36988
6  -1.83051, 1.31096  -1.85022, 1.2674  -1.8238, 1.25051  -1.79977, 1.25569  -1.77871, 1.28712  -1.8227, 1.31345
6  -1.56313, 1.49803  -1.53066, 1.48929  -1.49062, 1.50911  -1.50723, 1.55354  -1.56116, 1.56209  -1.58846, 1.53556
7  -1.70546, 1.51614  -1.65349, 1.46688  -1.62633, 1.46346  -1.56313, 1.49803  -1.58846, 1.53556  -1.63488, 1.55807  -1.67486, 1.5434
6  -1.78401, 1.46437  -1.72844, 1.42299  -1.70801, 1.42343  -1.65349, 1.46688  -1.70546, 1.51614  -1.73512, 1.51551
6  -1.84583, 1.40331  -1.7871, 1.36988  -1.77343, 1.3722  -1.72844, 1.42299  -1.78401, 1.46437  -1.80727, 1.46042
6  -1.89188, 1.33654  -1.83051, 1.31096  -1.8227, 1.31345  -1.7871, 1.36988  -1.84583, 1.40331  -1.86313, 1.39778
7  -1.9241, 1.26681  -1.8803, 1.2547  -1.8671, 1.25661  -1.85022, 1.2674  -1.83051, 1.31096  -1.89188, 1.33654  -1.90428, 1.33068
6  -1.93292, 1.26125  -1.94094, 1.2189  -1.91572, 1.20485  -1.88755, 1.2166  -1.8803, 1.2547  -1.9241, 1.26681
6  -1.73512, 1.51551  -1.70546, 1.51614  -1.67486, 1.5434  -1.69934, 1.58565  -1.75767, 1.57409  -1.76858, 1.5433
7  -1.86956, 1.49298  -1.80727, 1.46042  -1.78401, 1.46437  -1.73512, 1.51551  -1.76858, 1.5433  -1.81956, 1.54908  -1.84928, 1.52479
6  -1.92719, 1.42232  -1.86313, 1.39778  -1.84583, 1.40331  -1.80727, 1.46042  -1.86956, 1.49298  -1.89528, 1.48476
6  -1.96955, 1.34765  -1.90428, 1.33068  -1.89188, 1.33654  -1.86313, 1.39778  -1.92719, 1.42232  -1.94737, 1.41278
6  -1.99889, 1.27122  -1.93292, 1.26125  -1.9241, 1.26681  -1.90428, 1.33068  -1.96955, 1.34765  -1.98529, 1.33775
7  -2.01741, 1.19437  -1.97989, 1.19304  -1.96091, 1.19859  -1.94094, 1.2189  -1.93292, 1.26125  -1.99889, 1.27122  -2.01128, 1.26141
6  -2.02738, 1.18478  -2.02825, 1.1451  -2.00281, 1.13342  -1.97288, 1.14988  -1.97989, 1.19304  -2.01741, 1.19437
6  -1.89528, 1.48476  -1.86956, 1.49298  -1.84928, 1.52479  -1.88584, 1.5617  -1.93426, 1.53157  -1.93337, 1.5012
7  -2.01542, 1.42824  -1.94737, 1.41278  -1.92719, 1.42232  -1.89528, 1.48476  -1.93337, 1.5012  -1.98448, 1.49068  -2.00415, 1.45994
6  -2.05337, 1.34624  -1.98529, 1.33775  -1.96955, 1.34765  -1.94737, 1.41278  -2.01542, 1.42824  -2.03741, 1.4144
6  -2.07908, 1.26359  -2.01128, 1.26141  -1.99889, 1.27122  -1.98529, 1.33775  -2.05337, 1.34624  -2.07114, 1.33217
6  -2.09461, 1.1813  -2.02738, 1.18478  -2.01741, 1.19437  -2.01128, 1.26141  -2.07908, 1.26359  -2.09358, 1.24964
7  -2.10164, 1.09994  -2.06728, 1.10518  -2.04864, 1.11571  -2.02825, 1.1451  -2.02738, 1.18478  -2.09461, 1.1813  -2.10658, 1.16762
5  -2.1116, 1.08661  -2.10671, 1.0525  -2.05721, 1.06415  -2.06728, 1.10518  -2.10164, 1.09994
6  -2.03741, 1.4144  -2.01542, 1.42824  -2.00415, 1.45994  -2.04948, 1.48619  -2.0861, 1.44769  -2.07658, 1.42023
7  -2.14094, 1.33262  -2.07114, 1.33217  -2.05337, 1.34624  -2.03741, 1.4144  -2.07658, 1.42023  -2.12467, 1.39574  -2.13661, 1.36634
6  -2.16235, 1.24455  -2.09358, 1.24964  -2.07908, 1.26359  -2.07114, 1.33217  -2.14094, 1.33262  -2.15966, 1.31461
6  -2.17419, 1.1576  -2.10658, 1.16762  -2.09461, 1.1813  -2.09358, 1.24964  -2.16235, 1.24455  -2.17785, 1.22684
6  -2.178, 1.0721  -2.1116, 1.08661  -2.10164, 1.09994  -2.10658, 1.16762  -2.17419, 1.1576  -2.18708, 1.14036
8  -2.17313, 0.991512  -2.14183, 0.99824  -2.12404, 1.0179  -2.11291, 1.03509  -2.10671, 1.0525  -2.1116, 1.08661  -2.178, 1.0721  -2.18889, 1.05524
4  -2.17313, 0.991512  -2.18159, 0.975305  -2.13463, 0.958144  -2.14183, 0.99824
5  -2.15966, 1.31461  -2.14094, 1.33262  -2.13661, 1.36634  -2.18509, 1.37628  -2.1936, 1.31169
8  -2.24685, 1.21513  -2.17785, 1.22684  -2.16235, 1.24455  -2.15966, 1.31461  -2.1936, 1.31169  -2.21112, 1.30522  -2.23563, 1.28102  -2.2483, 1.24937
6  -2.25448, 1.12444  -2.18708, 1.14036  -2.17419, 1.1576  -2.17785, 1.22684  -2.24685, 1.21513  -2.26251, 1.19418
6  -2.25486, 1.03574  -2.18889, 1.05524  -2.178, 1.0721  -2.18708, 1.14036  -2.25448, 1.12444  -2.26749, 1.10428
7  -2.25038, 0.948434  -2.19109, 0.962647  -2.18159, 0.975305  -2.17313, 0.991512  -2.18889, 1.05524  -2.25486, 1.03574  -2.26614, 1.01608
6  -2.26093, 0.928467  -2.24116, 0.876616  -2.19727, 0.89737  -2.18626, 0.917889  -2.19109, 0.962647  -2.25038, 0.948434
5  -2.26251, 1.19418  -2.24685, 1.21513  -2.2483, 1.24937  -2.29507, 1.24473  -2.29585, 1.18593
7  -2.26749, 1.10428  -2.25448, 1.12444  -2.26251, 1.19418  -2.29585, 1.18593  -2.31195, 1.17164  -2.32938, 1.1472  -2.32672, 1.09455
8  -2.33163, 0.992949  -2.26614, 1.01608  -2.25486, 1.03574  -2.26749, 1.10428  -2.32672, 1.09455  -2.33742, 1.08221  -2.34477, 1.06809  -2.35181, 1.04804
6  -2.32579, 0.903678  -2.26093, 0.928467  -2.25038, 0.948434  -2.26614, 1.01608  -2.33163, 0.992949  -2.34297, 0.971508
7  -2.31901, 0.814224  -2.26799, 0.828864  -2.24545, 0.853413  -2.24116, 0.876616  -2.26093, 0.928467  -2.32579, 0.903678  -2.33672, 0.882076
6  -2.33037, 0.791722  -2.31459, 0.746818  -2.27237, 0.761118  -2.25866, 0.786296  -2.26799, 0.828864  -2.31901, 0.814224
3  -2.33742, 1.08221  -2.38169, 1.10106  -2.34477, 1.06809
6  -2.34297, 0.971508  -2.33163, 0.992949  -2.35181, 1.04804  -2.39231, 1.02921  -2.40459, 1.00652  -2.39583, 0.95774
7  -2.40158, 0.856227  -2.33672, 0.882076  -2.32579, 0.903678  -2.34297, 0.971508  -2.39583, 0.95774  -2.41395, 0.938933  -2.42027, 0.905776
6  -2.39562, 0.765886  -2.33037, 0.791722  -2.31901, 0.814224  -2.33672, 0.882076  -2.40158, 0.856227  -2.41275, 0.834096
7  -2.3923, 0.673851  -2.34988, 0.686694  -2.32073, 0.712479  -2.31459, 0.746818  -2.33037, 0.791722  -2.39562, 0.765886  -2.40758, 0.743043
6  -2.40587, 0.649682  -2.39719, 0.611373  -2.35977, 0.611093  -2.33345, 0.648621  -2.34988, 0.686694  -2.3923, 0.673851
6  -2.41275, 0.834096  -2.40158, 0.856227  -2.42027, 0.905776  -2.45995, 0.888184  -2.47187, 0.862538  -2.45907, 0.820316
7  -2.47342, 0.718586  -2.40758, 0.743043  -2.39562, 0.765886  -2.41275, 0.834096  -2.45907, 0.820316  -2.4815, 0.797114  -2.48654, 0.762311
6  -2.47309, 0.626793  -2.40587, 0.649682  -2.3923, 0.673851  -2.40758, 0.743043  -2.47342, 0.718586  -2.48588, 0.696389
7  -2.47902, 0.532208  -2.44507, 0.54243  -2.40783, 0.56619  -2.39719, 0.611373  -2.40587, 0.649682  -2.47309, 0.626793  -2.48758, 0.603425
6  -2.49655, 0.507251  -2.49461, 0.472255  -2.4643, 0.461846  -2.42041, 0.50133  -2.44507, 0.54243  -2.47902, 0.532208
6  -2.48588, 0.696389  -2.47342, 0.718586  -2.48654, 0.762311  -2.5262, 0.753399  -2.54207, 0.718703  -2.52517, 0.685104
7  -2.55574, 0.584153  -2.48758, 0.603425  -2.47309, 0.626793  -2.48588, 0.696389  -2.52517, 0.685104  -2.55468, 0.658525  -2.56025, 0.620075
6  -2.56682, 0.490977  -2.49655, 0.507251  -2.47902, 0.532208  -2.48758, 0.603425  -2.55574, 0.584153  -2.57107, 0.562321
7  -2.58067, 0.401794  -2.55266, 0.400976  -2.51611, 0.421079  -2.49461, 0.472255  -2.49655, 0.507251  -2.56682, 0.490977  -2.58571, 0.467656
4  -2.58067, 0.401794  -2.60112, 0.378314  -2.5461, 0.361199  -2.55266, 0.400976
6  -2.57107, 0.562321  -2.55574, 0.584153  -2.56025, 0.620075  -2.60381, 0.625795  -2.62405, 0.581117  -2.60644, 0.55463
7  -2.65685, 0.45682  -2.58571, 0.467656  -2.56682, 0.490977  -2.57107, 0.562321  -2.60644, 0.55463  -2.64294, 0.526135  -2.65583, 0.493922
7  -2.6854, 0.36309  -2.62, 0.36151  -2.60112, 0.378314  -2.58067, 0.401794  -2.58571, 0.467656  -2.65685, 0.45682  -2.6771, 0.435494
6  -2.71105, 0.340348  -2.71521, 0.292241  -2.65331, 0.285395  -2.61917, 0.32697  -2.62, 0.36151  -2.6854, 0.36309
5  -2.6771, 0.435494  -2.65685, 0.45682  -2.65583, 0.493922  -2.6942, 0.49686  -2.71391, 0.433015
7  -2.71105, 0.340348  -2.6854, 0.36309  -2.6771, 0.435494  -2.71391, 0.433015  -2.72427, 0.427637  -2.75162, 0.406489  -2.76186, 0.346145
8  -2.83729, 0.247719  -2.7867, 0.238473  -2.72604, 0.26677  -2.71521, 0.292241  -2.71105, 0.340348  -2.76186, 0.346145  -2.78294, 0.342126  -2.82507, 0.298304
6  -2.87253, 0.226394  -2.88792, 0.192834  -2.83128, 0.162726  -2.78157, 0.2071  -2.7867, 0.238473  -2.83729, 0.247719
6  -2.87253, 0.226394  -2.83729, 0.247719  -2.82507, 0.298304  -2.85622, 0.314587  -2.90526, 0.293283  -2.9119, 0.232462
10  -3.02243, 0.151706  -2.99108, 0.142525  -2.98083, 0.137702  -2.9122, 0.154949  -2.88792, 0.192834  -2.87253, 0.226394  -2.9119, 0.232462  -2.95182, 0.23196  -3.00339, 0.196584  -3.00785, 0.185702
4  -3.02243, 0.151706  -3.07059, 0.130444  -3.05729, 0.0759427  -2.99108, 0.142525
5  -3.02243, 0.151706  -3.00785, 0.185702  -3.09871, 0.187941  -3.09628, 0.124397  -3.07059, 0.130444
4  -3.17077, 0.144894  -3.2116, 0.0887081  -3.14518, 0.0617506  -3.11078, 0.1197
4  -3.44803, 0.0735527  -3.49983, 0.0309127  -3.4371, 0.0064306  -3.39412, 0.0471767
4  -3.79395, 0.0172699  -3.85223, 0.00233394  -3.79267, -0.00685462  -3.74234, 0.00833574